001_,0.272486772,0.742063492,0.330687831,0.613095238,0.349206349,0.327380952,0.542328042,0.220238095,0.743386243,0.422619048
001_d,0.314814815,0.746031746,0.365079365,0.619047619,0.439153439,0.297619048,0.634920635,0.178571429,0.82010582,0.39484127
001_dt,0.206349206,0.71031746,0.248677249,0.607142857,0.330687831,0.277777778,0.486772487,0.186507937,0.671957672,0.375
001_t,0.32010582,0.724206349,0.365079365,0.646825397,0.452380952,0.420634921,0.621693122,0.367063492,0.716931217,0.555555556
002_,0.208994709,0.609126984,0.253968254,0.545634921,0.275132275,0.244047619,0.447089947,0.176587302,0.637566138,0.380952381
002_d,0.28042328,0.646825397,0.357142857,0.569444444,0.365079365,0.232142857,0.576719577,0.117063492,0.76984127,0.333333333
002_dt,0.343915344,0.680555556,0.380952381,0.593253968,0.354497354,0.265873016,0.542328042,0.123015873,0.764550265,0.331349206
002_t,0.386243386,0.724206349,0.423280423,0.638888889,0.365079365,0.35515873,0.510582011,0.263888889,0.732804233,0.444444444
003_,0.354497354,0.80952381,0.341269841,0.682539683,0.238095238,0.35515873,0.436507937,0.212301587,0.671957672,0.357142857
003_d,0.468253968,0.738095238,0.433862434,0.623015873,0.322751323,0.263888889,0.505291005,0.123015873,0.76984127,0.317460317
003_dt,0.391534392,0.765873016,0.383597884,0.650793651,0.206349206,0.303571429,0.333333333,0.113095238,0.645502646,0.26984127
003_t,0.415343915,0.724206349,0.407407407,0.638888889,0.373015873,0.398809524,0.521164021,0.313492063,0.682539683,0.43452381
004_,0.465608466,0.771825397,0.494708995,0.656746032,0.428571429,0.408730159,0.595238095,0.26984127,0.817460317,0.450396825
004_d,0.330687831,0.736111111,0.354497354,0.619047619,0.261904762,0.331349206,0.412698413,0.140873016,0.701058201,0.329365079
004_dt,0.330687831,0.688492063,0.391534392,0.56547619,0.35978836,0.279761905,0.529100529,0.140873016,0.772486772,0.357142857
004_t,0.21957672,0.863095238,0.293650794,0.708333333,0.275132275,0.333333333,0.518518519,0.182539683,0.796296296,0.450396825
005_,0.296296296,0.746031746,0.343915344,0.607142857,0.333333333,0.343253968,0.489417989,0.226190476,0.671957672,0.380952381
005_d,0.407407407,0.714285714,0.425925926,0.577380952,0.354497354,0.295634921,0.534391534,0.136904762,0.748677249,0.301587302
005_dt,0.391534392,0.767857143,0.417989418,0.626984127,0.35978836,0.313492063,0.55026455,0.162698413,0.751322751,0.325396825
005_t,0.351851852,0.869047619,0.375661376,0.748015873,0.343915344,0.509920635,0.489417989,0.402777778,0.64021164,0.553571429
006_,0.19047619,0.847222222,0.301587302,0.686507937,0.343915344,0.33531746,0.597883598,0.218253968,0.833333333,0.452380952
006_d,0.354497354,0.76984127,0.402116402,0.638888889,0.325396825,0.303571429,0.537037037,0.132936508,0.798941799,0.373015873
006_dt,0.547619048,0.797619048,0.46031746,0.646825397,0.161375661,0.426587302,0.19047619,0.206349206,0.587301587,0.234126984
006_t,0.288359788,0.761904762,0.314814815,0.617063492,0.23015873,0.301587302,0.425925926,0.168650794,0.674603175,0.359126984
007_,0.291005291,0.807539683,0.312169312,0.698412698,0.325396825,0.388888889,0.537037037,0.311507937,0.735449735,0.507936508
007_d,0.312169312,0.704365079,0.335978836,0.567460317,0.37037037,0.182539683,0.58994709,0.081349206,0.82010582,0.287698413
007_dt,0.267195767,0.636904762,0.296296296,0.541666667,0.367724868,0.273809524,0.526455026,0.206349206,0.695767196,0.371031746
007_t,0.328042328,0.823412698,0.357142857,0.757936508,0.462962963,0.535714286,0.632275132,0.501984127,0.727513228,0.680555556
008_,0.328042328,0.849206349,0.380952381,0.71031746,0.383597884,0.426587302,0.574074074,0.317460317,0.785714286,0.503968254
008_d,0.259259259,0.716269841,0.32010582,0.567460317,0.32010582,0.30952381,0.560846561,0.130952381,0.751322751,0.33531746
008_dt,0.341269841,0.732142857,0.35978836,0.583333333,0.417989418,0.301587302,0.656084656,0.182539683,0.833333333,0.39484127
008_t,0.126984127,0.85515873,0.14021164,0.686507937,0.21957672,0.327380952,0.518518519,0.196428571,0.761904762,0.476190476
009_,0.232804233,0.714285714,0.253968254,0.607142857,0.328042328,0.263888889,0.526455026,0.180555556,0.708994709,0.410714286
009_d,0.32010582,0.656746032,0.32010582,0.567460317,0.335978836,0.263888889,0.523809524,0.146825397,0.732804233,0.353174603
009_dt,0.288359788,0.698412698,0.288359788,0.607142857,0.293650794,0.321428571,0.470899471,0.18452381,0.701058201,0.39484127
009_t,0.335978836,0.698412698,0.343915344,0.621031746,0.35978836,0.347222222,0.507936508,0.281746032,0.693121693,0.454365079
010_,0.304232804,0.777777778,0.349206349,0.68452381,0.338624339,0.444444444,0.515873016,0.361111111,0.714285714,0.53968254
010_d,0.354497354,0.706349206,0.386243386,0.597222222,0.338624339,0.317460317,0.521164021,0.194444444,0.738095238,0.376984127
010_dt,0.293650794,0.686507937,0.35978836,0.601190476,0.285714286,0.301587302,0.484126984,0.16468254,0.708994709,0.345238095
010_t,0.174603175,0.686507937,0.272486772,0.623015873,0.373015873,0.297619048,0.597883598,0.248015873,0.764550265,0.525793651
011_,0.211640212,0.726190476,0.227513228,0.609126984,0.338624339,0.359126984,0.515873016,0.265873016,0.693121693,0.436507937
011_d,0.291005291,0.603174603,0.304232804,0.517857143,0.383597884,0.255952381,0.53968254,0.172619048,0.738095238,0.376984127
011_dt,0.285714286,0.652777778,0.291005291,0.563492063,0.365079365,0.277777778,0.510582011,0.19047619,0.722222222,0.392857143
011_t,0.304232804,0.755952381,0.30952381,0.650793651,0.380952381,0.390873016,0.53968254,0.307539683,0.722222222,0.503968254
012_,0.211640212,0.880952381,0.291005291,0.736111111,0.317460317,0.347222222,0.574074074,0.303571429,0.825396825,0.593253968
012_d,0.267195767,0.71031746,0.357142857,0.571428571,0.394179894,0.279761905,0.568783069,0.23015873,0.78042328,0.412698413
012_dt,0.296296296,0.680555556,0.375661376,0.545634921,0.365079365,0.283730159,0.560846561,0.178571429,0.775132275,0.357142857
012_t,0.148148148,0.757936508,0.227513228,0.630952381,0.283068783,0.206349206,0.5,0.152777778,0.775132275,0.39484127
013_,0.285714286,0.744047619,0.338624339,0.668650794,0.367724868,0.301587302,0.608465608,0.232142857,0.825396825,0.444444444
013_d,0.296296296,0.73015873,0.354497354,0.625,0.317460317,0.259920635,0.560846561,0.140873016,0.841269841,0.367063492
013_dt,0.246031746,0.704365079,0.312169312,0.60515873,0.35978836,0.232142857,0.595238095,0.172619048,0.804232804,0.430555556
013_t,0.174603175,0.682539683,0.23015873,0.609126984,0.21957672,0.26984127,0.444444444,0.18452381,0.650793651,0.422619048
014_,0.264550265,0.763888889,0.28042328,0.611111111,0.288359788,0.285714286,0.470899471,0.19047619,0.664021164,0.371031746
014_d,0.373015873,0.698412698,0.386243386,0.589285714,0.32010582,0.273809524,0.510582011,0.125,0.748677249,0.297619048
014_dt,0.444444444,0.706349206,0.420634921,0.597222222,0.291005291,0.281746032,0.444444444,0.103174603,0.703703704,0.21031746
014_t,0.26984127,0.863095238,0.298941799,0.69047619,0.283068783,0.386904762,0.492063492,0.244047619,0.701058201,0.448412698
015_,0.312169312,0.787698413,0.351851852,0.660714286,0.285714286,0.285714286,0.510582011,0.188492063,0.764550265,0.406746032
015_d,0.325396825,0.763888889,0.365079365,0.652777778,0.349206349,0.299603175,0.529100529,0.186507937,0.783068783,0.400793651
015_dt,0.291005291,0.746031746,0.330687831,0.652777778,0.30952381,0.311507937,0.486772487,0.200396825,0.732804233,0.416666667
015_t,0.314814815,0.71031746,0.341269841,0.621031746,0.32010582,0.333333333,0.505291005,0.273809524,0.714285714,0.456349206
016_,0.330687831,0.825396825,0.37037037,0.775793651,0.428571429,0.527777778,0.624338624,0.420634921,0.801587302,0.60515873
016_d,0.328042328,0.660714286,0.357142857,0.601190476,0.423280423,0.323412698,0.621693122,0.222222222,0.804232804,0.424603175
016_dt,0.19047619,0.704365079,0.238095238,0.599206349,0.338624339,0.303571429,0.534391534,0.214285714,0.724867725,0.408730159
016_t,0.277777778,0.73015873,0.306878307,0.680555556,0.380952381,0.404761905,0.605820106,0.323412698,0.772486772,0.569444444
017_,0.37037037,0.817460317,0.373015873,0.66468254,0.32010582,0.327380952,0.444444444,0.255952381,0.685185185,0.422619048
017_d,0.481481481,0.755952381,0.46031746,0.575396825,0.354497354,0.251984127,0.476190476,0.140873016,0.735449735,0.307539683
017_dt,0.298941799,0.734126984,0.333333333,0.573412698,0.314814815,0.248015873,0.484126984,0.150793651,0.658730159,0.321428571
017_t,0.402116402,0.857142857,0.412698413,0.706349206,0.346560847,0.375,0.465608466,0.301587302,0.727513228,0.474206349
018_,0.206349206,0.797619048,0.304232804,0.668650794,0.335978836,0.271825397,0.544973545,0.21031746,0.798941799,0.444444444
018_d,0.248677249,0.718253968,0.322751323,0.589285714,0.330687831,0.244047619,0.518518519,0.168650794,0.714285714,0.35515873
018_dt,0.277777778,0.746031746,0.383597884,0.638888889,0.417989418,0.277777778,0.642857143,0.208333333,0.817460317,0.398809524
018_t,0.317460317,0.746031746,0.417989418,0.642857143,0.462962963,0.333333333,0.661375661,0.313492063,0.791005291,0.511904762
019_,0.264550265,0.773809524,0.306878307,0.666666667,0.306878307,0.351190476,0.455026455,0.273809524,0.67989418,0.478174603
019_d,0.232804233,0.670634921,0.224867725,0.603174603,0.306878307,0.25,0.484126984,0.136904762,0.685185185,0.361111111
019_dt,0.275132275,0.736111111,0.335978836,0.623015873,0.373015873,0.279761905,0.53968254,0.14484127,0.775132275,0.369047619
019_t,0.264550265,0.845238095,0.312169312,0.720238095,0.314814815,0.349206349,0.465608466,0.267857143,0.711640212,0.484126984
020_,0.195767196,0.765873016,0.285714286,0.676587302,0.267195767,0.329365079,0.439153439,0.180555556,0.73015873,0.436507937
020_d,0.283068783,0.700396825,0.37037037,0.611111111,0.380952381,0.299603175,0.55026455,0.166666667,0.783068783,0.376984127
020_dt,0.253968254,0.682539683,0.333333333,0.583333333,0.351851852,0.253968254,0.502645503,0.140873016,0.748677249,0.359126984
020_t,0.203703704,0.771825397,0.293650794,0.660714286,0.291005291,0.293650794,0.476190476,0.140873016,0.777777778,0.400793651
021_,0.285714286,0.791666667,0.322751323,0.700396825,0.291005291,0.363095238,0.489417989,0.279761905,0.706349206,0.454365079
021_d,0.375661376,0.680555556,0.412698413,0.553571429,0.338624339,0.259920635,0.497354497,0.146825397,0.711640212,0.30952381
021_dt,0.346560847,0.648809524,0.373015873,0.55952381,0.293650794,0.261904762,0.447089947,0.158730159,0.669312169,0.31547619
021_t,0.304232804,0.831349206,0.338624339,0.720238095,0.291005291,0.333333333,0.497354497,0.242063492,0.743386243,0.398809524
022_,0.14021164,0.773809524,0.208994709,0.682539683,0.240740741,0.386904762,0.441798942,0.271825397,0.671957672,0.531746032
022_d,0.240740741,0.69047619,0.335978836,0.581349206,0.375661376,0.283730159,0.576719577,0.170634921,0.767195767,0.444444444
022_dt,0.267195767,0.706349206,0.35978836,0.58531746,0.328042328,0.313492063,0.558201058,0.162698413,0.772486772,0.404761905
022_t,0.227513228,0.791666667,0.285714286,0.636904762,0.28042328,0.281746032,0.513227513,0.111111111,0.806878307,0.410714286
023_,0.341269841,0.771825397,0.362433862,0.682539683,0.365079365,0.373015873,0.568783069,0.28968254,0.767195767,0.468253968
023_d,0.328042328,0.674603175,0.378306878,0.569444444,0.388888889,0.246031746,0.560846561,0.152777778,0.772486772,0.331349206
023_dt,0.314814815,0.668650794,0.37037037,0.579365079,0.362433862,0.261904762,0.555555556,0.146825397,0.748677249,0.319444444
023_t,0.185185185,0.734126984,0.243386243,0.632936508,0.259259259,0.202380952,0.484126984,0.132936508,0.746031746,0.359126984
024_,0.338624339,0.861111111,0.341269841,0.702380952,0.420634921,0.416666667,0.626984127,0.33531746,0.80952381,0.541666667
024_d,0.35978836,0.757936508,0.383597884,0.611111111,0.396825397,0.285714286,0.58994709,0.152777778,0.798941799,0.351190476
024_dt,0.462962963,0.781746032,0.447089947,0.609126984,0.436507937,0.299603175,0.637566138,0.168650794,0.875661376,0.35515873
024_t,0.201058201,0.861111111,0.222222222,0.686507937,0.264550265,0.333333333,0.436507937,0.242063492,0.706349206,0.436507937
025_,0.248677249,0.785714286,0.32010582,0.678571429,0.341269841,0.398809524,0.510582011,0.375,0.682539683,0.555555556
025_d,0.246031746,0.597222222,0.349206349,0.523809524,0.396825397,0.23015873,0.544973545,0.170634921,0.761904762,0.373015873
025_dt,0.275132275,0.615079365,0.37037037,0.543650794,0.35978836,0.251984127,0.523809524,0.168650794,0.751322751,0.376984127
025_t,0.28042328,0.69047619,0.375661376,0.575396825,0.412698413,0.251984127,0.645502646,0.204365079,0.830687831,0.446428571
026_,0.216931217,0.686507937,0.28042328,0.55952381,0.306878307,0.281746032,0.547619048,0.198412698,0.716931217,0.406746032
026_d,0.317460317,0.650793651,0.362433862,0.531746032,0.391534392,0.253968254,0.568783069,0.152777778,0.777777778,0.361111111
026_dt,0.314814815,0.736111111,0.386243386,0.607142857,0.402116402,0.31547619,0.605820106,0.206349206,0.798941799,0.402777778
026_t,0.314814815,0.827380952,0.333333333,0.688492063,0.304232804,0.396825397,0.484126984,0.28968254,0.714285714,0.466269841
027_,0.232804233,0.751984127,0.283068783,0.640873016,0.32010582,0.327380952,0.505291005,0.261904762,0.682539683,0.43452381
027_d,0.21957672,0.619047619,0.296296296,0.533730159,0.35978836,0.226190476,0.515873016,0.162698413,0.69047619,0.317460317
027_dt,0.298941799,0.658730159,0.373015873,0.577380952,0.396825397,0.261904762,0.568783069,0.182539683,0.748677249,0.35515873
027_t,0.293650794,0.692460317,0.346560847,0.609126984,0.325396825,0.33531746,0.484126984,0.263888889,0.650793651,0.402777778
028_,0.431216931,0.676587302,0.433862434,0.595238095,0.396825397,0.333333333,0.616402116,0.212301587,0.80952381,0.388888889
028_d,0.330687831,0.738095238,0.333333333,0.621031746,0.328042328,0.277777778,0.563492063,0.130952381,0.793650794,0.337301587
028_dt,0.420634921,0.755952381,0.380952381,0.607142857,0.285714286,0.291666667,0.473544974,0.132936508,0.759259259,0.259920635
028_t,0.301587302,0.817460317,0.312169312,0.700396825,0.32010582,0.281746032,0.603174603,0.150793651,0.888888889,0.376984127
029_,0.227513228,0.805555556,0.246031746,0.714285714,0.259259259,0.438492063,0.44973545,0.321428571,0.669312169,0.511904762
029_d,0.259259259,0.688492063,0.32010582,0.613095238,0.351851852,0.307539683,0.534391534,0.208333333,0.759259259,0.432539683
029_dt,0.272486772,0.640873016,0.32010582,0.571428571,0.357142857,0.224206349,0.521164021,0.134920635,0.746031746,0.373015873
029_t,0.238095238,0.775793651,0.285714286,0.666666667,0.264550265,0.303571429,0.462962963,0.154761905,0.756613757,0.430555556
030_,0.325396825,0.817460317,0.394179894,0.698412698,0.481481481,0.384920635,0.825396825,0.295634921,0.915343915,0.55952381
030_d,0.275132275,0.674603175,0.314814815,0.579365079,0.373015873,0.273809524,0.626984127,0.186507937,0.775132275,0.408730159
030_dt,0.285714286,0.670634921,0.351851852,0.561507937,0.378306878,0.257936508,0.603174603,0.168650794,0.78042328,0.347222222
030_t,0.182539683,0.617063492,0.26984127,0.513888889,0.314814815,0.170634921,0.547619048,0.099206349,0.682539683,0.347222222
031_,0.203703704,0.888888889,0.264550265,0.775793651,0.275132275,0.468253968,0.476190476,0.424603175,0.642857143,0.621031746
031_d,0.267195767,0.724206349,0.354497354,0.603174603,0.373015873,0.240079365,0.621693122,0.138888889,0.835978836,0.388888889
031_dt,0.21957672,0.714285714,0.275132275,0.599206349,0.267195767,0.21031746,0.507936508,0.126984127,0.735449735,0.325396825
031_t,0.097883598,0.805555556,0.195767196,0.682539683,0.224867725,0.255952381,0.510582011,0.19047619,0.751322751,0.438492063
032_,0.343915344,0.819444444,0.41005291,0.696428571,0.335978836,0.39484127,0.518518519,0.271825397,0.738095238,0.494047619
032_d,0.386243386,0.726190476,0.423280423,0.60515873,0.37037037,0.299603175,0.518518519,0.146825397,0.727513228,0.345238095
032_dt,0.423280423,0.728174603,0.452380952,0.607142857,0.402116402,0.313492063,0.531746032,0.150793651,0.740740741,0.327380952
032_t,0.261904762,0.785714286,0.314814815,0.658730159,0.288359788,0.317460317,0.462962963,0.170634921,0.674603175,0.404761905
033_,0.232804233,0.748015873,0.312169312,0.646825397,0.275132275,0.307539683,0.544973545,0.186507937,0.788359788,0.378968254
033_d,0.26984127,0.654761905,0.341269841,0.575396825,0.296296296,0.305555556,0.505291005,0.18452381,0.708994709,0.378968254
033_dt,0.246031746,0.666666667,0.325396825,0.589285714,0.314814815,0.301587302,0.547619048,0.196428571,0.732804233,0.396825397
033_t,0.346560847,0.680555556,0.391534392,0.617063492,0.349206349,0.436507937,0.526455026,0.337301587,0.669312169,0.458333333
034_,0.211640212,0.807539683,0.251322751,0.652777778,0.267195767,0.295634921,0.476190476,0.19047619,0.735449735,0.420634921
034_d,0.330687831,0.672619048,0.383597884,0.563492063,0.37037037,0.242063492,0.53968254,0.132936508,0.764550265,0.297619048
034_dt,0.304232804,0.722222222,0.346560847,0.607142857,0.32010582,0.283730159,0.507936508,0.150793651,0.722222222,0.35515873
034_t,0.296296296,0.773809524,0.341269841,0.676587302,0.30952381,0.388888889,0.478835979,0.281746032,0.722222222,0.474206349
035_,0.328042328,0.753968254,0.386243386,0.656746032,0.338624339,0.369047619,0.576719577,0.238095238,0.833333333,0.444444444
035_d,0.32010582,0.694444444,0.35978836,0.573412698,0.407407407,0.265873016,0.568783069,0.198412698,0.748677249,0.386904762
035_dt,0.325396825,0.625,0.37037037,0.507936508,0.402116402,0.236111111,0.600529101,0.176587302,0.738095238,0.345238095
035_t,0.203703704,0.726190476,0.246031746,0.628968254,0.37037037,0.30952381,0.587301587,0.283730159,0.71957672,0.531746032
036_,0.222222222,0.867063492,0.312169312,0.771825397,0.328042328,0.408730159,0.605820106,0.307539683,0.849206349,0.543650794
036_d,0.259259259,0.672619048,0.362433862,0.609126984,0.351851852,0.291666667,0.568783069,0.200396825,0.772486772,0.412698413
036_dt,0.37037037,0.708333333,0.428571429,0.601190476,0.333333333,0.273809524,0.518518519,0.138888889,0.767195767,0.279761905
036_t,0.293650794,0.740079365,0.362433862,0.656746032,0.235449735,0.305555556,0.412698413,0.172619048,0.711640212,0.317460317
037_,0.378306878,0.755952381,0.378306878,0.656746032,0.330687831,0.369047619,0.478835979,0.242063492,0.727513228,0.378968254
037_d,0.346560847,0.724206349,0.341269841,0.603174603,0.298941799,0.30952381,0.465608466,0.192460317,0.698412698,0.353174603
037_dt,0.423280423,0.625,0.452380952,0.597222222,0.380952381,0.287698413,0.574074074,0.178571429,0.793650794,0.329365079
037_t,0.32010582,0.728174603,0.322751323,0.666666667,0.322751323,0.33531746,0.507936508,0.244047619,0.735449735,0.438492063
038_,0.285714286,0.801587302,0.357142857,0.712301587,0.335978836,0.466269841,0.563492063,0.365079365,0.73015873,0.541666667
038_d,0.314814815,0.66468254,0.404761905,0.58531746,0.362433862,0.283730159,0.579365079,0.198412698,0.756613757,0.375
038_dt,0.222222222,0.599206349,0.335978836,0.509920635,0.394179894,0.244047619,0.648148148,0.192460317,0.724867725,0.404761905
038_t,0.306878307,0.811507937,0.388888889,0.712301587,0.373015873,0.46031746,0.558201058,0.392857143,0.711640212,0.569444444
039_,0.187830688,0.626984127,0.264550265,0.535714286,0.415343915,0.226190476,0.714285714,0.216269841,0.751322751,0.438492063
039_d,0.240740741,0.632936508,0.330687831,0.551587302,0.420634921,0.321428571,0.677248677,0.267857143,0.740740741,0.466269841
039_dt,0.246031746,0.621031746,0.301587302,0.551587302,0.396825397,0.26984127,0.624338624,0.204365079,0.701058201,0.424603175
039_t,0.375661376,0.757936508,0.423280423,0.672619048,0.468253968,0.43452381,0.767195767,0.367063492,0.849206349,0.611111111
040_,0.256613757,0.751984127,0.314814815,0.632936508,0.325396825,0.208333333,0.576719577,0.162698413,0.783068783,0.406746032
040_d,0.288359788,0.68452381,0.314814815,0.561507937,0.391534392,0.206349206,0.552910053,0.16468254,0.738095238,0.33531746
040_dt,0.253968254,0.688492063,0.291005291,0.579365079,0.32010582,0.212301587,0.489417989,0.162698413,0.671957672,0.329365079
040_t,0.357142857,0.787698413,0.380952381,0.698412698,0.417989418,0.369047619,0.560846561,0.347222222,0.722222222,0.51984127
041_,0.187830688,0.839285714,0.23015873,0.694444444,0.214285714,0.343253968,0.433862434,0.273809524,0.656084656,0.428571429
041_d,0.291005291,0.688492063,0.32010582,0.573412698,0.328042328,0.28968254,0.529100529,0.222222222,0.703703704,0.343253968
041_dt,0.333333333,0.66468254,0.365079365,0.543650794,0.386243386,0.242063492,0.579365079,0.178571429,0.732804233,0.311507937
041_t,0.325396825,0.81547619,0.338624339,0.646825397,0.362433862,0.295634921,0.574074074,0.216269841,0.777777778,0.418650794
042_,0.333333333,0.748015873,0.333333333,0.58531746,0.253968254,0.259920635,0.402116402,0.158730159,0.650793651,0.333333333
042_d,0.402116402,0.783730159,0.375661376,0.623015873,0.328042328,0.279761905,0.505291005,0.146825397,0.753968254,0.341269841
042_dt,0.304232804,0.75,0.35978836,0.626984127,0.349206349,0.287698413,0.547619048,0.158730159,0.761904762,0.408730159
042_t,0.248677249,0.813492063,0.283068783,0.625,0.317460317,0.180555556,0.531746032,0.087301587,0.80952381,0.416666667
043_,0.301587302,0.869047619,0.314814815,0.765873016,0.330687831,0.486111111,0.462962963,0.398809524,0.621693122,0.551587302
043_d,0.399470899,0.722222222,0.428571429,0.593253968,0.41005291,0.26984127,0.595238095,0.119047619,0.753968254,0.281746032
043_dt,0.341269841,0.718253968,0.383597884,0.593253968,0.37037037,0.267857143,0.560846561,0.125,0.716931217,0.271825397
043_t,0.256613757,0.76984127,0.288359788,0.636904762,0.283068783,0.319444444,0.455026455,0.214285714,0.632275132,0.384920635
044_,0.243386243,0.807539683,0.314814815,0.668650794,0.306878307,0.337301587,0.526455026,0.234126984,0.743386243,0.426587302
044_d,0.291005291,0.650793651,0.351851852,0.553571429,0.365079365,0.279761905,0.515873016,0.174603175,0.701058201,0.371031746
044_dt,0.222222222,0.670634921,0.32010582,0.579365079,0.325396825,0.285714286,0.489417989,0.200396825,0.677248677,0.392857143
044_t,0.444444444,0.660714286,0.531746032,0.589285714,0.473544974,0.398809524,0.642857143,0.349206349,0.772486772,0.484126984
045_,0.357142857,0.757936508,0.394179894,0.68452381,0.312169312,0.371031746,0.531746032,0.277777778,0.738095238,0.428571429
045_d,0.341269841,0.738095238,0.365079365,0.674603175,0.330687831,0.325396825,0.542328042,0.220238095,0.751322751,0.420634921
045_dt,0.312169312,0.674603175,0.365079365,0.607142857,0.373015873,0.277777778,0.584656085,0.202380952,0.767195767,0.402777778
045_t,0.251322751,0.704365079,0.291005291,0.625,0.277777778,0.248015873,0.542328042,0.158730159,0.775132275,0.347222222
046_,0.150793651,0.734126984,0.248677249,0.638888889,0.365079365,0.194444444,0.666666667,0.136904762,0.830687831,0.390873016
046_d,0.322751323,0.708333333,0.402116402,0.634920635,0.457671958,0.234126984,0.616402116,0.134920635,0.851851852,0.347222222
046_dt,0.37037037,0.726190476,0.420634921,0.652777778,0.298941799,0.251984127,0.441798942,0.115079365,0.727513228,0.253968254
046_t,0.277777778,0.775793651,0.325396825,0.696428571,0.232804233,0.349206349,0.386243386,0.253968254,0.658730159,0.444444444
047_,0.291005291,0.783730159,0.341269841,0.646825397,0.354497354,0.438492063,0.58994709,0.339285714,0.722222222,0.527777778
047_d,0.415343915,0.751984127,0.436507937,0.597222222,0.383597884,0.333333333,0.582010582,0.206349206,0.798941799,0.388888889
047_dt,0.362433862,0.686507937,0.428571429,0.549603175,0.357142857,0.305555556,0.55026455,0.178571429,0.764550265,0.327380952
047_t,0.317460317,0.746031746,0.349206349,0.599206349,0.26984127,0.365079365,0.5,0.226190476,0.71957672,0.369047619
048_,0.21957672,0.716269841,0.283068783,0.597222222,0.396825397,0.263888889,0.597883598,0.214285714,0.751322751,0.456349206
048_d,0.195767196,0.674603175,0.275132275,0.575396825,0.396825397,0.257936508,0.595238095,0.200396825,0.698412698,0.44047619
048_dt,0.298941799,0.686507937,0.333333333,0.597222222,0.425925926,0.277777778,0.642857143,0.206349206,0.76984127,0.404761905
048_t,0.391534392,0.682539683,0.404761905,0.640873016,0.444444444,0.422619048,0.619047619,0.375,0.735449735,0.557539683
049_,0.288359788,0.646825397,0.341269841,0.581349206,0.346560847,0.301587302,0.568783069,0.232142857,0.727513228,0.448412698
049_d,0.314814815,0.670634921,0.349206349,0.597222222,0.354497354,0.255952381,0.558201058,0.160714286,0.777777778,0.369047619
049_dt,0.349206349,0.694444444,0.386243386,0.607142857,0.373015873,0.26984127,0.555555556,0.192460317,0.785714286,0.378968254
049_t,0.227513228,0.781746032,0.272486772,0.668650794,0.203703704,0.279761905,0.436507937,0.176587302,0.735449735,0.410714286
050_,0.473544974,0.718253968,0.492063492,0.648809524,0.41005291,0.438492063,0.563492063,0.325396825,0.783068783,0.450396825
050_d,0.346560847,0.66468254,0.407407407,0.593253968,0.285714286,0.287698413,0.433862434,0.146825397,0.698412698,0.285714286
050_dt,0.333333333,0.662698413,0.399470899,0.58531746,0.322751323,0.285714286,0.492063492,0.146825397,0.735449735,0.285714286
050_t,0.431216931,0.638888889,0.481481481,0.583333333,0.46031746,0.35515873,0.600529101,0.285714286,0.783068783,0.424603175
051_,0.267195767,0.831349206,0.298941799,0.744047619,0.261904762,0.416666667,0.465608466,0.30952381,0.703703704,0.511904762
051_d,0.354497354,0.698412698,0.404761905,0.607142857,0.351851852,0.297619048,0.560846561,0.174603175,0.767195767,0.361111111
051_dt,0.343915344,0.656746032,0.386243386,0.583333333,0.330687831,0.297619048,0.526455026,0.140873016,0.764550265,0.331349206
051_t,0.404761905,0.755952381,0.44973545,0.686507937,0.365079365,0.375,0.534391534,0.259920635,0.785714286,0.424603175
052_,0.37037037,0.863095238,0.362433862,0.712301587,0.285714286,0.373015873,0.492063492,0.238095238,0.783068783,0.430555556
052_d,0.349206349,0.708333333,0.357142857,0.555555556,0.335978836,0.283730159,0.526455026,0.172619048,0.711640212,0.33531746
052_dt,0.476190476,0.702380952,0.425925926,0.573412698,0.296296296,0.285714286,0.423280423,0.134920635,0.703703704,0.261904762
052_t,0.441798942,0.882936508,0.375661376,0.720238095,0.177248677,0.357142857,0.312169312,0.19047619,0.685185185,0.321428571
053_,0.317460317,0.656746032,0.391534392,0.583333333,0.378306878,0.31547619,0.568783069,0.220238095,0.751322751,0.390873016
053_d,0.312169312,0.668650794,0.378306878,0.587301587,0.312169312,0.303571429,0.484126984,0.156746032,0.735449735,0.402777778
053_dt,0.306878307,0.708333333,0.375661376,0.615079365,0.296296296,0.329365079,0.462962963,0.188492063,0.71957672,0.382936508
053_t,0.293650794,0.801587302,0.35978836,0.692460317,0.23015873,0.305555556,0.433862434,0.160714286,0.753968254,0.43452381
054_,0.441798942,0.726190476,0.5,0.64484127,0.494708995,0.39484127,0.67989418,0.369047619,0.793650794,0.53968254
054_d,0.388888889,0.64484127,0.457671958,0.55952381,0.481481481,0.248015873,0.677248677,0.186507937,0.814814815,0.392857143
054_dt,0.380952381,0.640873016,0.436507937,0.563492063,0.41005291,0.246031746,0.587301587,0.178571429,0.751322751,0.382936508
054_t,0.261904762,0.625,0.32010582,0.533730159,0.362433862,0.168650794,0.558201058,0.126984127,0.764550265,0.347222222
055_,0.417989418,0.73015873,0.404761905,0.642857143,0.277777778,0.375,0.37037037,0.248015873,0.619047619,0.386904762
055_d,0.375661376,0.670634921,0.394179894,0.597222222,0.312169312,0.311507937,0.433862434,0.21031746,0.645502646,0.351190476
055_dt,0.349206349,0.625,0.37037037,0.53968254,0.346560847,0.25,0.515873016,0.148809524,0.677248677,0.333333333
055_t,0.386243386,0.771825397,0.391534392,0.686507937,0.238095238,0.331349206,0.417989418,0.178571429,0.69047619,0.33531746
056_,0.142857143,0.888888889,0.222222222,0.714285714,0.261904762,0.248015873,0.492063492,0.150793651,0.732804233,0.349206349
056_d,0.343915344,0.702380952,0.35978836,0.555555556,0.417989418,0.232142857,0.576719577,0.158730159,0.735449735,0.307539683
056_dt,0.296296296,0.736111111,0.351851852,0.591269841,0.404761905,0.26984127,0.574074074,0.206349206,0.71957672,0.373015873
056_t,0.335978836,0.779761905,0.354497354,0.642857143,0.378306878,0.31547619,0.552910053,0.244047619,0.706349206,0.462301587
057_,0.156084656,0.837301587,0.227513228,0.69047619,0.312169312,0.329365079,0.462962963,0.246031746,0.661375661,0.501984127
057_d,0.351851852,0.706349206,0.444444444,0.597222222,0.486772487,0.271825397,0.650793651,0.176587302,0.777777778,0.392857143
057_dt,0.304232804,0.698412698,0.375661376,0.601190476,0.404761905,0.281746032,0.547619048,0.176587302,0.693121693,0.33531746
057_t,0.235449735,0.888888889,0.285714286,0.75,0.386243386,0.371031746,0.600529101,0.299603175,0.767195767,0.547619048
058_,0.30952381,0.863095238,0.367724868,0.728174603,0.246031746,0.351190476,0.380952381,0.188492063,0.751322751,0.349206349
058_d,0.383597884,0.744047619,0.439153439,0.611111111,0.298941799,0.279761905,0.444444444,0.126984127,0.727513228,0.244047619
058_dt,0.444444444,0.738095238,0.478835979,0.619047619,0.301587302,0.301587302,0.428571429,0.136904762,0.753968254,0.30952381
058_t,0.296296296,0.795634921,0.378306878,0.708333333,0.227513228,0.404761905,0.367724868,0.253968254,0.650793651,0.392857143
059_,0.394179894,0.799603175,0.452380952,0.696428571,0.420634921,0.470238095,0.571428571,0.375,0.746031746,0.513888889
059_d,0.277777778,0.696428571,0.346560847,0.611111111,0.322751323,0.380952381,0.5,0.267857143,0.671957672,0.44047619
059_dt,0.367724868,0.68452381,0.431216931,0.589285714,0.373015873,0.325396825,0.560846561,0.214285714,0.764550265,0.400793651
059_t,0.365079365,0.81547619,0.420634921,0.694444444,0.304232804,0.412698413,0.523809524,0.253968254,0.76984127,0.450396825
060_,0.41005291,0.892857143,0.402116402,0.714285714,0.17989418,0.299603175,0.402116402,0.16468254,0.746031746,0.33531746
060_d,0.423280423,0.73015873,0.415343915,0.575396825,0.367724868,0.277777778,0.552910053,0.160714286,0.767195767,0.311507937
060_dt,0.484126984,0.736111111,0.425925926,0.587301587,0.277777778,0.291666667,0.41005291,0.166666667,0.661375661,0.26984127
060_t,0.404761905,0.880952381,0.349206349,0.712301587,0.166666667,0.357142857,0.386243386,0.224206349,0.658730159,0.353174603
061_,0.306878307,0.740079365,0.301587302,0.56547619,0.275132275,0.220238095,0.5,0.057539683,0.756613757,0.307539683
061_d,0.208994709,0.714285714,0.293650794,0.573412698,0.283068783,0.271825397,0.481481481,0.152777778,0.69047619,0.375
061_dt,0.298941799,0.746031746,0.367724868,0.607142857,0.357142857,0.30952381,0.566137566,0.170634921,0.772486772,0.390873016
061_t,0.291005291,0.867063492,0.330687831,0.700396825,0.343915344,0.418650794,0.579365079,0.313492063,0.753968254,0.529761905
062_,0.346560847,0.68452381,0.404761905,0.611111111,0.378306878,0.382936508,0.55026455,0.28968254,0.738095238,0.48015873
062_d,0.272486772,0.66468254,0.357142857,0.583333333,0.341269841,0.257936508,0.534391534,0.115079365,0.775132275,0.337301587
062_dt,0.264550265,0.64484127,0.351851852,0.593253968,0.335978836,0.28968254,0.537037037,0.113095238,0.78042328,0.351190476
062_t ,0.277777778,0.625,0.333333333,0.569444444,0.293650794,0.327380952,0.420634921,0.236111111,0.613756614,0.392857143
063_,0.264550265,0.80952381,0.32010582,0.726190476,0.37037037,0.426587302,0.544973545,0.359126984,0.746031746,0.56547619
063_d,0.283068783,0.724206349,0.341269841,0.626984127,0.35978836,0.279761905,0.566137566,0.138888889,0.801587302,0.343253968
063_dt,0.222222222,0.646825397,0.283068783,0.553571429,0.378306878,0.198412698,0.642857143,0.140873016,0.783068783,0.378968254
063_t,0.169312169,0.654761905,0.232804233,0.557539683,0.285714286,0.200396825,0.595238095,0.097222222,0.777777778,0.369047619
064_,0.433862434,0.748015873,0.478835979,0.638888889,0.388888889,0.35515873,0.526455026,0.267857143,0.759259259,0.444444444
064_d,0.30952381,0.700396825,0.423280423,0.593253968,0.407407407,0.263888889,0.582010582,0.148809524,0.743386243,0.365079365
064_dt,0.380952381,0.700396825,0.465608466,0.58531746,0.452380952,0.25,0.595238095,0.148809524,0.772486772,0.325396825
064_t,0.375661376,0.795634921,0.447089947,0.686507937,0.399470899,0.39484127,0.544973545,0.321428571,0.714285714,0.515873016
065_,0.346560847,0.706349206,0.415343915,0.648809524,0.417989418,0.349206349,0.600529101,0.26984127,0.761904762,0.458333333
065_d,0.298941799,0.658730159,0.37037037,0.609126984,0.412698413,0.313492063,0.637566138,0.248015873,0.722222222,0.452380952
065_dt,0.325396825,0.662698413,0.388888889,0.597222222,0.425925926,0.323412698,0.653439153,0.248015873,0.748677249,0.450396825
065_t,0.322751323,0.706349206,0.386243386,0.632936508,0.402116402,0.327380952,0.611111111,0.255952381,0.740740741,0.458333333
066_,0.30952381,0.765873016,0.402116402,0.676587302,0.391534392,0.430555556,0.624338624,0.333333333,0.732804233,0.535714286
066_d,0.285714286,0.728174603,0.378306878,0.595238095,0.343915344,0.319444444,0.603174603,0.128968254,0.751322751,0.376984127
066_dt,0.343915344,0.748015873,0.447089947,0.617063492,0.404761905,0.341269841,0.648148148,0.136904762,0.835978836,0.386904762
066_t,0.341269841,0.748015873,0.396825397,0.60515873,0.404761905,0.353174603,0.616402116,0.246031746,0.753968254,0.424603175
067_,0.314814815,0.619047619,0.362433862,0.549603175,0.417989418,0.327380952,0.603174603,0.277777778,0.706349206,0.438492063
067_d,0.354497354,0.652777778,0.402116402,0.591269841,0.417989418,0.283730159,0.650793651,0.168650794,0.835978836,0.412698413
067_dt,0.304232804,0.656746032,0.375661376,0.609126984,0.407407407,0.307539683,0.645502646,0.212301587,0.80952381,0.436507937
067_t,0.256613757,0.678571429,0.30952381,0.626984127,0.396825397,0.329365079,0.621693122,0.31547619,0.698412698,0.513888889
068_,0.12962963,0.748015873,0.232804233,0.68452381,0.291005291,0.291666667,0.579365079,0.222222222,0.753968254,0.494047619
068_d,0.277777778,0.700396825,0.378306878,0.628968254,0.343915344,0.271825397,0.547619048,0.162698413,0.76984127,0.388888889
068_dt,0.267195767,0.678571429,0.354497354,0.613095238,0.373015873,0.251984127,0.608465608,0.160714286,0.78042328,0.424603175
068_t,0.259259259,0.73015873,0.330687831,0.656746032,0.367724868,0.341269841,0.613756614,0.275793651,0.775132275,0.492063492
069_,0.335978836,0.775793651,0.375661376,0.694444444,0.420634921,0.343253968,0.682539683,0.257936508,0.841269841,0.432539683
069_d,0.277777778,0.66468254,0.333333333,0.579365079,0.394179894,0.261904762,0.576719577,0.19047619,0.714285714,0.35515873
069_dt,0.37037037,0.688492063,0.41005291,0.632936508,0.407407407,0.329365079,0.616402116,0.238095238,0.775132275,0.386904762
069_t,0.19047619,0.751984127,0.275132275,0.650793651,0.346560847,0.23015873,0.703703704,0.146825397,0.854497354,0.39484127
070_,0.30952381,0.78968254,0.415343915,0.71031746,0.452380952,0.345238095,0.67989418,0.275793651,0.904761905,0.490079365
070_d,0.425925926,0.712301587,0.486772487,0.617063492,0.333333333,0.283730159,0.489417989,0.125,0.796296296,0.279761905
070_dt,0.330687831,0.678571429,0.425925926,0.60515873,0.404761905,0.283730159,0.576719577,0.160714286,0.835978836,0.323412698
070_t,0.341269841,0.813492063,0.41005291,0.720238095,0.399470899,0.337301587,0.62962963,0.257936508,0.875661376,0.438492063
071_,0.296296296,0.81547619,0.362433862,0.704365079,0.433862434,0.313492063,0.666666667,0.244047619,0.857142857,0.488095238
071_d,0.296296296,0.736111111,0.354497354,0.611111111,0.412698413,0.23015873,0.619047619,0.148809524,0.80952381,0.349206349
071_dt,0.293650794,0.682539683,0.351851852,0.583333333,0.431216931,0.220238095,0.656084656,0.16468254,0.825396825,0.410714286
071_t,0.246031746,0.712301587,0.328042328,0.617063492,0.394179894,0.218253968,0.650793651,0.152777778,0.804232804,0.474206349
072_,0.246031746,0.859126984,0.317460317,0.738095238,0.317460317,0.261904762,0.595238095,0.162698413,0.82010582,0.438492063
072_d,0.328042328,0.670634921,0.378306878,0.573412698,0.399470899,0.18452381,0.555555556,0.126984127,0.738095238,0.317460317
072_dt,0.365079365,0.714285714,0.412698413,0.617063492,0.37037037,0.273809524,0.529100529,0.172619048,0.743386243,0.325396825
072_t,0.338624339,0.718253968,0.375661376,0.632936508,0.37037037,0.271825397,0.547619048,0.19047619,0.767195767,0.376984127
073_,0.30952381,0.670634921,0.357142857,0.587301587,0.428571429,0.265873016,0.716931217,0.148809524,0.873015873,0.408730159
073_d,0.314814815,0.676587302,0.362433862,0.58531746,0.396825397,0.275793651,0.571428571,0.123015873,0.777777778,0.373015873
073_dt,0.298941799,0.666666667,0.35978836,0.595238095,0.399470899,0.267857143,0.58994709,0.140873016,0.788359788,0.398809524
073_t,0.248677249,0.708333333,0.304232804,0.640873016,0.380952381,0.301587302,0.648148148,0.208333333,0.80952381,0.507936508
074_,0.283068783,0.702380952,0.346560847,0.617063492,0.354497354,0.31547619,0.531746032,0.253968254,0.669312169,0.436507937
074_d,0.367724868,0.660714286,0.433862434,0.593253968,0.412698413,0.297619048,0.626984127,0.160714286,0.814814815,0.337301587
074_dt,0.386243386,0.700396825,0.439153439,0.615079365,0.383597884,0.303571429,0.560846561,0.166666667,0.761904762,0.31547619
074_t,0.267195767,0.678571429,0.32010582,0.611111111,0.291005291,0.343253968,0.521164021,0.208333333,0.711640212,0.376984127
075_,0.301587302,0.791666667,0.354497354,0.654761905,0.35978836,0.404761905,0.505291005,0.30952381,0.724867725,0.505952381
075_d,0.383597884,0.617063492,0.486772487,0.533730159,0.425925926,0.251984127,0.566137566,0.148809524,0.767195767,0.349206349
075_dt,0.380952381,0.634920635,0.468253968,0.549603175,0.423280423,0.238095238,0.555555556,0.160714286,0.751322751,0.35515873
075_t,0.312169312,0.740079365,0.386243386,0.60515873,0.391534392,0.297619048,0.534391534,0.228174603,0.767195767,0.438492063
076_,0.214285714,0.771825397,0.277777778,0.670634921,0.349206349,0.349206349,0.616402116,0.319444444,0.722222222,0.56547619
076_d,0.283068783,0.692460317,0.365079365,0.579365079,0.383597884,0.287698413,0.595238095,0.170634921,0.804232804,0.367063492
076_dt,0.30952381,0.696428571,0.362433862,0.58531746,0.404761905,0.283730159,0.605820106,0.198412698,0.828042328,0.392857143
076_t,0.312169312,0.759920635,0.375661376,0.66468254,0.399470899,0.406746032,0.600529101,0.331349206,0.785714286,0.509920635
077_,0.28042328,0.714285714,0.351851852,0.619047619,0.330687831,0.331349206,0.521164021,0.206349206,0.764550265,0.39484127
077_d,0.346560847,0.571428571,0.415343915,0.525793651,0.391534392,0.26984127,0.608465608,0.148809524,0.78042328,0.299603175
077_dt,0.296296296,0.593253968,0.365079365,0.535714286,0.378306878,0.261904762,0.566137566,0.148809524,0.740740741,0.325396825
077_t,0.328042328,0.638888889,0.386243386,0.563492063,0.375661376,0.303571429,0.563492063,0.196428571,0.738095238,0.371031746
078_,0.383597884,0.759920635,0.417989418,0.670634921,0.349206349,0.351190476,0.600529101,0.299603175,0.772486772,0.527777778
078_d,0.375661376,0.654761905,0.407407407,0.571428571,0.291005291,0.285714286,0.494708995,0.170634921,0.722222222,0.305555556
078_dt,0.362433862,0.650793651,0.396825397,0.577380952,0.325396825,0.30952381,0.534391534,0.232142857,0.716931217,0.392857143
078_t,0.312169312,0.775793651,0.35978836,0.692460317,0.227513228,0.317460317,0.507936508,0.236111111,0.732804233,0.432539683
079_,0.283068783,0.807539683,0.298941799,0.676587302,0.35978836,0.380952381,0.619047619,0.293650794,0.783068783,0.51984127
079_d,0.349206349,0.734126984,0.341269841,0.593253968,0.402116402,0.257936508,0.685185185,0.188492063,0.814814815,0.430555556
079_dt,0.357142857,0.724206349,0.35978836,0.581349206,0.431216931,0.25,0.674603175,0.170634921,0.828042328,0.410714286
079_t,0.317460317,0.763888889,0.328042328,0.625,0.433862434,0.31547619,0.666666667,0.261904762,0.801587302,0.490079365
080_,0.394179894,0.773809524,0.436507937,0.674603175,0.417989418,0.301587302,0.658730159,0.196428571,0.851851852,0.351190476
080_d,0.343915344,0.732142857,0.367724868,0.626984127,0.394179894,0.25,0.621693122,0.160714286,0.806878307,0.291666667
080_dt,0.322751323,0.738095238,0.362433862,0.630952381,0.428571429,0.257936508,0.632275132,0.166666667,0.82010582,0.331349206
080_t,0.259259259,0.746031746,0.312169312,0.650793651,0.333333333,0.31547619,0.537037037,0.244047619,0.701058201,0.410714286
081_,0.380952381,0.841269841,0.423280423,0.702380952,0.489417989,0.321428571,0.724867725,0.279761905,0.904761905,0.426587302
081_d,0.338624339,0.761904762,0.367724868,0.613095238,0.383597884,0.216269841,0.613756614,0.115079365,0.822751323,0.273809524
081_dt,0.259259259,0.728174603,0.322751323,0.595238095,0.383597884,0.192460317,0.619047619,0.123015873,0.785714286,0.33531746
081_t,0.267195767,0.771825397,0.338624339,0.654761905,0.402116402,0.267857143,0.677248677,0.220238095,0.835978836,0.430555556
082_,0.267195767,0.755952381,0.349206349,0.636904762,0.325396825,0.313492063,0.576719577,0.180555556,0.801587302,0.408730159
082_d,0.346560847,0.688492063,0.428571429,0.569444444,0.375661376,0.248015873,0.566137566,0.071428571,0.783068783,0.259920635
082_dt,0.412698413,0.682539683,0.478835979,0.579365079,0.484126984,0.283730159,0.67989418,0.136904762,0.899470899,0.305555556
082_t,0.240740741,0.720238095,0.312169312,0.650793651,0.330687831,0.382936508,0.582010582,0.273809524,0.76984127,0.458333333
083_,0.314814815,0.837301587,0.346560847,0.742063492,0.333333333,0.406746032,0.505291005,0.345238095,0.703703704,0.51984127
083_d,0.35978836,0.755952381,0.404761905,0.619047619,0.378306878,0.26984127,0.560846561,0.18452381,0.746031746,0.363095238
083_dt,0.362433862,0.763888889,0.444444444,0.652777778,0.367724868,0.28968254,0.53968254,0.178571429,0.753968254,0.341269841
083_t,0.296296296,0.821428571,0.349206349,0.704365079,0.272486772,0.303571429,0.505291005,0.188492063,0.761904762,0.363095238
084_,0.272486772,0.751984127,0.272486772,0.654761905,0.267195767,0.331349206,0.486772487,0.23015873,0.71957672,0.43452381
084_d,0.378306878,0.642857143,0.365079365,0.555555556,0.365079365,0.244047619,0.534391534,0.140873016,0.732804233,0.307539683
084_dt,0.386243386,0.688492063,0.388888889,0.619047619,0.325396825,0.31547619,0.494708995,0.19047619,0.714285714,0.337301587
084_t,0.349206349,0.746031746,0.346560847,0.662698413,0.285714286,0.285714286,0.531746032,0.136904762,0.791005291,0.351190476
085_,0.325396825,0.801587302,0.367724868,0.646825397,0.277777778,0.295634921,0.486772487,0.132936508,0.78042328,0.313492063
085_d,0.404761905,0.763888889,0.433862434,0.621031746,0.367724868,0.331349206,0.555555556,0.156746032,0.788359788,0.28968254
085_dt,0.399470899,0.765873016,0.412698413,0.621031746,0.314814815,0.325396825,0.507936508,0.128968254,0.732804233,0.287698413
085_t,0.402116402,0.755952381,0.428571429,0.640873016,0.32010582,0.349206349,0.481481481,0.18452381,0.727513228,0.347222222
086_,0.21957672,0.849206349,0.306878307,0.686507937,0.341269841,0.331349206,0.632275132,0.242063492,0.796296296,0.468253968
086_d,0.306878307,0.724206349,0.378306878,0.591269841,0.417989418,0.279761905,0.62962963,0.178571429,0.806878307,0.378968254
086_dt,0.296296296,0.748015873,0.378306878,0.581349206,0.383597884,0.291666667,0.592592593,0.158730159,0.793650794,0.361111111
086_t,0.208994709,0.80952381,0.267195767,0.642857143,0.208994709,0.321428571,0.415343915,0.19047619,0.671957672,0.392857143
087_,0.235449735,0.873015873,0.23015873,0.71031746,0.235449735,0.333333333,0.486772487,0.232142857,0.767195767,0.44047619
087_d,0.44973545,0.757936508,0.386243386,0.623015873,0.28042328,0.321428571,0.404761905,0.200396825,0.674603175,0.28968254
087_dt,0.330687831,0.751984127,0.335978836,0.611111111,0.293650794,0.349206349,0.447089947,0.204365079,0.703703704,0.351190476
087_t,0.306878307,0.849206349,0.267195767,0.686507937,0.214285714,0.339285714,0.354497354,0.23015873,0.671957672,0.375
088_,0.161375661,0.823412698,0.314814815,0.722222222,0.407407407,0.317460317,0.682539683,0.263888889,0.804232804,0.527777778
088_d,0.171957672,0.601190476,0.272486772,0.531746032,0.378306878,0.212301587,0.600529101,0.150793651,0.685185185,0.349206349
088_dt,0.222222222,0.668650794,0.322751323,0.58531746,0.447089947,0.257936508,0.666666667,0.168650794,0.772486772,0.398809524
088_t,0.227513228,0.775793651,0.351851852,0.692460317,0.431216931,0.311507937,0.687830688,0.23015873,0.835978836,0.525793651
089_,0.264550265,0.688492063,0.328042328,0.611111111,0.407407407,0.265873016,0.706349206,0.188492063,0.849206349,0.436507937
089_d,0.306878307,0.630952381,0.343915344,0.551587302,0.378306878,0.26984127,0.62962963,0.186507937,0.761904762,0.373015873
089_dt,0.365079365,0.658730159,0.412698413,0.577380952,0.439153439,0.293650794,0.67989418,0.214285714,0.82010582,0.428571429
089_t,0.224867725,0.700396825,0.277777778,0.628968254,0.264550265,0.345238095,0.560846561,0.240079365,0.761904762,0.436507937
090_,0.103174603,0.738095238,0.240740741,0.670634921,0.378306878,0.295634921,0.677248677,0.25,0.804232804,0.498015873
090_d,0.216931217,0.599206349,0.304232804,0.531746032,0.441798942,0.224206349,0.664021164,0.166666667,0.748677249,0.349206349
090_dt,0.304232804,0.718253968,0.380952381,0.619047619,0.433862434,0.30952381,0.671957672,0.208333333,0.785714286,0.376984127
090_t,0.243386243,0.68452381,0.343915344,0.599206349,0.465608466,0.295634921,0.777777778,0.259920635,0.835978836,0.466269841
091_,0.328042328,0.722222222,0.402116402,0.646825397,0.44973545,0.337301587,0.645502646,0.261904762,0.785714286,0.470238095
091_d,0.333333333,0.736111111,0.375661376,0.634920635,0.338624339,0.277777778,0.505291005,0.140873016,0.727513228,0.347222222
091_dt,0.28042328,0.73015873,0.333333333,0.626984127,0.407407407,0.273809524,0.608465608,0.160714286,0.772486772,0.349206349
091_t,0.333333333,0.81547619,0.373015873,0.724206349,0.436507937,0.416666667,0.603174603,0.35515873,0.753968254,0.557539683
092_,0.26984127,0.73015873,0.283068783,0.609126984,0.256613757,0.339285714,0.497354497,0.242063492,0.698412698,0.420634921
092_d,0.253968254,0.734126984,0.296296296,0.642857143,0.261904762,0.325396825,0.484126984,0.162698413,0.703703704,0.396825397
092_dt,0.357142857,0.761904762,0.394179894,0.640873016,0.333333333,0.325396825,0.558201058,0.160714286,0.801587302,0.359126984
092_t,0.35978836,0.849206349,0.354497354,0.708333333,0.261904762,0.367063492,0.534391534,0.176587302,0.854497354,0.382936508
093_,0.156084656,0.700396825,0.216931217,0.597222222,0.367724868,0.267857143,0.722222222,0.261904762,0.791005291,0.490079365
093_d,0.246031746,0.682539683,0.32010582,0.555555556,0.470899471,0.234126984,0.772486772,0.204365079,0.785714286,0.436507937
093_dt,0.243386243,0.66468254,0.32010582,0.555555556,0.537037037,0.246031746,0.851851852,0.26984127,0.822751323,0.488095238
093_t,0.142857143,0.851190476,0.206349206,0.734126984,0.296296296,0.371031746,0.685185185,0.323412698,0.76984127,0.571428571
094_,0.232804233,0.821428571,0.312169312,0.668650794,0.325396825,0.291666667,0.566137566,0.186507937,0.825396825,0.442460317
094_d,0.314814815,0.771825397,0.378306878,0.630952381,0.428571429,0.267857143,0.642857143,0.170634921,0.849206349,0.416666667
094_dt,0.232804233,0.728174603,0.338624339,0.589285714,0.365079365,0.251984127,0.576719577,0.14484127,0.777777778,0.402777778
094_t,0.264550265,0.775793651,0.30952381,0.642857143,0.333333333,0.349206349,0.568783069,0.257936508,0.740740741,0.484126984
095_,0.288359788,0.799603175,0.35978836,0.656746032,0.277777778,0.275793651,0.502645503,0.182539683,0.748677249,0.390873016
095_d,0.354497354,0.692460317,0.415343915,0.577380952,0.32010582,0.25,0.481481481,0.134920635,0.693121693,0.285714286
095_dt,0.312169312,0.692460317,0.396825397,0.591269841,0.335978836,0.248015873,0.494708995,0.128968254,0.69047619,0.246031746
095_t,0.26984127,0.777777778,0.314814815,0.658730159,0.23015873,0.321428571,0.394179894,0.246031746,0.62962963,0.432539683
096_,0.182539683,0.700396825,0.264550265,0.642857143,0.248677249,0.265873016,0.507936508,0.202380952,0.708994709,0.428571429
096_d,0.259259259,0.670634921,0.354497354,0.58531746,0.386243386,0.257936508,0.558201058,0.178571429,0.732804233,0.365079365
096_dt,0.343915344,0.621031746,0.417989418,0.551587302,0.41005291,0.23015873,0.600529101,0.117063492,0.76984127,0.329365079
096_t,0.203703704,0.736111111,0.264550265,0.632936508,0.224867725,0.194444444,0.492063492,0.115079365,0.751322751,0.386904762
097_,0.306878307,0.779761905,0.365079365,0.640873016,0.354497354,0.33531746,0.600529101,0.23015873,0.793650794,0.454365079
097_d,0.383597884,0.712301587,0.447089947,0.577380952,0.349206349,0.313492063,0.484126984,0.10515873,0.764550265,0.242063492
097_dt,0.399470899,0.740079365,0.465608466,0.591269841,0.357142857,0.28968254,0.510582011,0.126984127,0.791005291,0.263888889
097_t,0.317460317,0.732142857,0.378306878,0.595238095,0.325396825,0.287698413,0.518518519,0.180555556,0.777777778,0.349206349
098_,0.235449735,0.73015873,0.291005291,0.642857143,0.423280423,0.319444444,0.693121693,0.279761905,0.740740741,0.484126984
098_d,0.277777778,0.740079365,0.328042328,0.628968254,0.420634921,0.275793651,0.69047619,0.168650794,0.764550265,0.408730159
098_dt,0.277777778,0.732142857,0.338624339,0.642857143,0.41005291,0.265873016,0.62962963,0.148809524,0.751322751,0.339285714
098_t,0.145502646,0.819444444,0.235449735,0.706349206,0.37037037,0.275793651,0.716931217,0.182539683,0.801587302,0.468253968
099_,0.267195767,0.724206349,0.288359788,0.623015873,0.37037037,0.28968254,0.603174603,0.212301587,0.806878307,0.424603175
099_d,0.243386243,0.712301587,0.283068783,0.593253968,0.354497354,0.253968254,0.576719577,0.158730159,0.756613757,0.363095238
099_dt,0.275132275,0.728174603,0.298941799,0.621031746,0.338624339,0.279761905,0.58994709,0.160714286,0.775132275,0.369047619
099_t,0.195767196,0.875,0.198412698,0.759920635,0.275132275,0.382936508,0.621693122,0.259920635,0.857142857,0.515873016
100_,0.32010582,0.871031746,0.396825397,0.751984127,0.177248677,0.432539683,0.330687831,0.271825397,0.658730159,0.43452381
100_d,0.222222222,0.712301587,0.330687831,0.615079365,0.298941799,0.273809524,0.534391534,0.138888889,0.764550265,0.333333333
100_dt,0.417989418,0.767857143,0.44973545,0.648809524,0.232804233,0.337301587,0.378306878,0.170634921,0.666666667,0.271825397
100_t,0.30952381,0.813492063,0.367724868,0.726190476,0.208994709,0.464285714,0.330687831,0.283730159,0.608465608,0.406746032
101_,0.283068783,0.795634921,0.351851852,0.650793651,0.211640212,0.226190476,0.5,0.067460317,0.923280423,0.331349206
101_d,0.253968254,0.720238095,0.317460317,0.609126984,0.330687831,0.263888889,0.566137566,0.162698413,0.788359788,0.373015873
101_dt,0.349206349,0.759920635,0.404761905,0.64484127,0.373015873,0.299603175,0.616402116,0.19047619,0.865079365,0.396825397
101_t,0.26984127,0.678571429,0.317460317,0.571428571,0.312169312,0.275793651,0.523809524,0.196428571,0.724867725,0.396825397
102_,0.285714286,0.847222222,0.32010582,0.71031746,0.351851852,0.369047619,0.579365079,0.263888889,0.743386243,0.515873016
102_d,0.32010582,0.759920635,0.365079365,0.666666667,0.354497354,0.299603175,0.537037037,0.140873016,0.798941799,0.365079365
102_dt,0.335978836,0.763888889,0.375661376,0.662698413,0.35978836,0.297619048,0.531746032,0.123015873,0.796296296,0.347222222
102_t,0.37037037,0.799603175,0.399470899,0.656746032,0.399470899,0.295634921,0.605820106,0.16468254,0.846560847,0.382936508
103_,0.301587302,0.757936508,0.365079365,0.650793651,0.373015873,0.329365079,0.526455026,0.251984127,0.764550265,0.442460317
103_d,0.304232804,0.734126984,0.375661376,0.611111111,0.386243386,0.246031746,0.558201058,0.162698413,0.825396825,0.392857143
103_dt,0.293650794,0.744047619,0.386243386,0.621031746,0.383597884,0.244047619,0.558201058,0.154761905,0.804232804,0.392857143
103_t,0.288359788,0.708333333,0.349206349,0.589285714,0.383597884,0.265873016,0.566137566,0.19047619,0.785714286,0.400793651
104_,0.177248677,0.71031746,0.30952381,0.591269841,0.444444444,0.18452381,0.69047619,0.192460317,0.761904762,0.488095238
104_d,0.298941799,0.716269841,0.396825397,0.60515873,0.433862434,0.240079365,0.666666667,0.198412698,0.788359788,0.484126984
104_dt,0.267195767,0.66468254,0.357142857,0.56547619,0.394179894,0.21031746,0.568783069,0.16468254,0.732804233,0.438492063
104_t,0.35978836,0.817460317,0.391534392,0.650793651,0.312169312,0.180555556,0.505291005,0.099206349,0.814814815,0.337301587
105_,0.214285714,0.765873016,0.298941799,0.640873016,0.431216931,0.285714286,0.671957672,0.259920635,0.772486772,0.474206349
105_d,0.227513228,0.678571429,0.314814815,0.573412698,0.338624339,0.240079365,0.574074074,0.146825397,0.740740741,0.371031746
105_dt,0.232804233,0.650793651,0.306878307,0.547619048,0.365079365,0.202380952,0.592592593,0.130952381,0.783068783,0.329365079
105_t,0.285714286,0.753968254,0.341269841,0.636904762,0.388888889,0.287698413,0.624338624,0.228174603,0.801587302,0.388888889
106_,0.301587302,0.722222222,0.354497354,0.640873016,0.436507937,0.35515873,0.64021164,0.279761905,0.78042328,0.46031746
106_d,0.216931217,0.581349206,0.272486772,0.529761905,0.396825397,0.232142857,0.595238095,0.142857143,0.740740741,0.367063492
106_dt,0.26984127,0.628968254,0.296296296,0.571428571,0.423280423,0.285714286,0.634920635,0.198412698,0.777777778,0.422619048
106_t,0.328042328,0.68452381,0.362433862,0.621031746,0.441798942,0.307539683,0.650793651,0.228174603,0.804232804,0.43452381
107_,0.232804233,0.763888889,0.312169312,0.682539683,0.325396825,0.31547619,0.560846561,0.228174603,0.82010582,0.456349206
107_d,0.288359788,0.646825397,0.354497354,0.581349206,0.346560847,0.277777778,0.552910053,0.172619048,0.751322751,0.33531746
107_dt,0.304232804,0.632936508,0.378306878,0.587301587,0.367724868,0.28968254,0.558201058,0.186507937,0.775132275,0.337301587
107_t,0.182539683,0.755952381,0.251322751,0.688492063,0.283068783,0.331349206,0.5,0.228174603,0.775132275,0.450396825
108_,0.28042328,0.694444444,0.341269841,0.599206349,0.343915344,0.248015873,0.547619048,0.130952381,0.788359788,0.351190476
108_d,0.264550265,0.668650794,0.330687831,0.567460317,0.396825397,0.226190476,0.58994709,0.123015873,0.777777778,0.341269841
108_dt,0.296296296,0.706349206,0.35978836,0.591269841,0.343915344,0.267857143,0.510582011,0.126984127,0.73015873,0.373015873
108_t,0.325396825,0.791666667,0.362433862,0.680555556,0.346560847,0.361111111,0.547619048,0.242063492,0.78042328,0.466269841
109_,0.328042328,0.78968254,0.404761905,0.640873016,0.415343915,0.208333333,0.687830688,0.079365079,0.944444444,0.378968254
109_d,0.251322751,0.700396825,0.301587302,0.601190476,0.275132275,0.232142857,0.481481481,0.125,0.716931217,0.361111111
109_dt,0.314814815,0.700396825,0.380952381,0.611111111,0.301587302,0.23015873,0.526455026,0.115079365,0.759259259,0.313492063
109_t,0.341269841,0.716269841,0.407407407,0.611111111,0.367724868,0.194444444,0.624338624,0.093253968,0.87037037,0.333333333
110_,0.325396825,0.785714286,0.35978836,0.718253968,0.37037037,0.337301587,0.574074074,0.25,0.814814815,0.462301587
110_d,0.399470899,0.66468254,0.420634921,0.575396825,0.304232804,0.244047619,0.455026455,0.140873016,0.69047619,0.236111111
110_dt,0.314814815,0.704365079,0.346560847,0.621031746,0.267195767,0.279761905,0.402116402,0.172619048,0.674603175,0.319444444
110_t,0.259259259,0.795634921,0.285714286,0.706349206,0.264550265,0.351190476,0.46031746,0.251984127,0.711640212,0.430555556
111_,0.298941799,0.759920635,0.367724868,0.656746032,0.394179894,0.31547619,0.552910053,0.25,0.775132275,0.450396825
111_d,0.325396825,0.734126984,0.388888889,0.617063492,0.301587302,0.267857143,0.46031746,0.152777778,0.71957672,0.321428571
111_dt,0.343915344,0.732142857,0.383597884,0.599206349,0.322751323,0.265873016,0.439153439,0.154761905,0.727513228,0.317460317
111_t,0.32010582,0.793650794,0.362433862,0.619047619,0.306878307,0.23015873,0.439153439,0.130952381,0.767195767,0.321428571
112_,0.238095238,0.869047619,0.248677249,0.674603175,0.256613757,0.31547619,0.521164021,0.174603175,0.753968254,0.375
112_d,0.341269841,0.746031746,0.380952381,0.626984127,0.391534392,0.325396825,0.605820106,0.206349206,0.777777778,0.404761905
112_dt,0.314814815,0.662698413,0.37037037,0.53968254,0.383597884,0.246031746,0.603174603,0.146825397,0.775132275,0.325396825
112_t,0.261904762,0.926587302,0.322751323,0.791666667,0.288359788,0.498015873,0.542328042,0.384920635,0.706349206,0.555555556
113_,0.288359788,0.787698413,0.380952381,0.708333333,0.417989418,0.295634921,0.648148148,0.200396825,0.841269841,0.452380952
113_d,0.275132275,0.688492063,0.328042328,0.615079365,0.357142857,0.261904762,0.555555556,0.14484127,0.732804233,0.386904762
113_dt,0.285714286,0.668650794,0.333333333,0.597222222,0.357142857,0.236111111,0.537037037,0.115079365,0.71957672,0.363095238
113_t,0.198412698,0.777777778,0.272486772,0.69047619,0.417989418,0.299603175,0.746031746,0.255952381,0.812169312,0.523809524
114_,0.248677249,0.845238095,0.28042328,0.718253968,0.335978836,0.365079365,0.534391534,0.283730159,0.788359788,0.507936508
114_d,0.341269841,0.672619048,0.380952381,0.541666667,0.346560847,0.204365079,0.515873016,0.123015873,0.796296296,0.313492063
114_dt,0.349206349,0.682539683,0.373015873,0.563492063,0.357142857,0.246031746,0.510582011,0.123015873,0.806878307,0.303571429
114_t,0.301587302,0.791666667,0.333333333,0.666666667,0.367724868,0.240079365,0.605820106,0.14484127,0.894179894,0.400793651
115_,0.198412698,0.81547619,0.256613757,0.702380952,0.285714286,0.285714286,0.571428571,0.156746032,0.835978836,0.420634921
115_d,0.251322751,0.652777778,0.306878307,0.563492063,0.317460317,0.267857143,0.478835979,0.125,0.71957672,0.361111111
115_dt,0.314814815,0.660714286,0.373015873,0.579365079,0.35978836,0.253968254,0.537037037,0.123015873,0.76984127,0.347222222
115_t,0.21957672,0.781746032,0.291005291,0.672619048,0.272486772,0.327380952,0.542328042,0.208333333,0.76984127,0.432539683
116_,0.333333333,0.765873016,0.373015873,0.672619048,0.362433862,0.271825397,0.605820106,0.178571429,0.87037037,0.408730159
116_d,0.351851852,0.628968254,0.396825397,0.55952381,0.357142857,0.238095238,0.534391534,0.136904762,0.761904762,0.305555556
116_dt,0.322751323,0.619047619,0.373015873,0.551587302,0.362433862,0.23015873,0.542328042,0.128968254,0.740740741,0.299603175
116_t,0.251322751,0.80952381,0.312169312,0.714285714,0.301587302,0.349206349,0.523809524,0.277777778,0.785714286,0.501984127
117_,0.261904762,0.714285714,0.378306878,0.607142857,0.415343915,0.26984127,0.703703704,0.182539683,0.883597884,0.416666667
117_d,0.32010582,0.692460317,0.391534392,0.573412698,0.37037037,0.293650794,0.58994709,0.172619048,0.78042328,0.39484127
117_dt,0.285714286,0.698412698,0.346560847,0.587301587,0.407407407,0.295634921,0.62962963,0.204365079,0.783068783,0.424603175
117_t,0.235449735,0.823412698,0.343915344,0.716269841,0.41005291,0.337301587,0.73015873,0.261904762,0.907407407,0.553571429
118_,0.185185185,0.785714286,0.272486772,0.68452381,0.314814815,0.224206349,0.71957672,0.136904762,0.883597884,0.505952381
118_d,0.21957672,0.674603175,0.343915344,0.58531746,0.391534392,0.25,0.645502646,0.196428571,0.746031746,0.472222222
118_dt,0.224867725,0.672619048,0.306878307,0.573412698,0.362433862,0.25,0.624338624,0.18452381,0.740740741,0.438492063
118_t,0.174603175,0.825396825,0.251322751,0.692460317,0.330687831,0.200396825,0.722222222,0.123015873,0.880952381,0.456349206
119_,0.243386243,0.787698413,0.298941799,0.630952381,0.322751323,0.251984127,0.658730159,0.18452381,0.78042328,0.416666667
119_d,0.373015873,0.763888889,0.399470899,0.621031746,0.325396825,0.363095238,0.521164021,0.212301587,0.685185185,0.343253968
119_dt,0.333333333,0.732142857,0.357142857,0.599206349,0.343915344,0.303571429,0.579365079,0.198412698,0.693121693,0.349206349
119_t,0.235449735,0.740079365,0.30952381,0.599206349,0.293650794,0.234126984,0.55026455,0.132936508,0.751322751,0.305555556
120_,0.251322751,0.783730159,0.328042328,0.66468254,0.272486772,0.18452381,0.563492063,0.083333333,0.830687831,0.297619048
120_d,0.227513228,0.670634921,0.301587302,0.599206349,0.391534392,0.226190476,0.624338624,0.154761905,0.793650794,0.369047619
120_dt,0.264550265,0.700396825,0.338624339,0.615079365,0.365079365,0.216269841,0.579365079,0.134920635,0.78042328,0.349206349
120_t,0.328042328,0.775793651,0.365079365,0.680555556,0.312169312,0.319444444,0.494708995,0.246031746,0.701058201,0.404761905
121_,0.105820106,0.765873016,0.256613757,0.658730159,0.325396825,0.255952381,0.626984127,0.138888889,0.833333333,0.396825397
121_d,0.206349206,0.603174603,0.333333333,0.529761905,0.462962963,0.206349206,0.746031746,0.103174603,0.85978836,0.343253968
121_dt,0.185185185,0.68452381,0.338624339,0.579365079,0.428571429,0.218253968,0.685185185,0.130952381,0.814814815,0.382936508
121_t,0.222222222,0.859126984,0.306878307,0.694444444,0.267195767,0.331349206,0.476190476,0.180555556,0.735449735,0.428571429
122_,0.156084656,0.813492063,0.235449735,0.656746032,0.378306878,0.255952381,0.656084656,0.194444444,0.76984127,0.456349206
122_d,0.259259259,0.672619048,0.35978836,0.527777778,0.343915344,0.255952381,0.563492063,0.152777778,0.698412698,0.347222222
122_dt,0.26984127,0.674603175,0.35978836,0.555555556,0.380952381,0.257936508,0.58994709,0.154761905,0.746031746,0.345238095
122_t,0.216931217,0.753968254,0.301587302,0.619047619,0.367724868,0.255952381,0.624338624,0.162698413,0.798941799,0.398809524
123_,0.264550265,0.678571429,0.343915344,0.549603175,0.378306878,0.158730159,0.576719577,0.109126984,0.796296296,0.313492063
123_d,0.203703704,0.680555556,0.253968254,0.571428571,0.420634921,0.23015873,0.648148148,0.232142857,0.735449735,0.446428571
123_dt,0.380952381,0.757936508,0.428571429,0.640873016,0.515873016,0.301587302,0.801587302,0.281746032,0.867724868,0.533730159
123_t,0.330687831,0.716269841,0.367724868,0.55952381,0.455026455,0.202380952,0.671957672,0.172619048,0.822751323,0.384920635
124_,0.394179894,0.746031746,0.425925926,0.569444444,0.415343915,0.224206349,0.656084656,0.125,0.875661376,0.384920635
124_d,0.354497354,0.712301587,0.404761905,0.573412698,0.362433862,0.214285714,0.542328042,0.140873016,0.806878307,0.353174603
124_dt,0.333333333,0.738095238,0.373015873,0.597222222,0.32010582,0.242063492,0.476190476,0.138888889,0.751322751,0.283730159
124_t,0.283068783,0.910714286,0.314814815,0.676587302,0.238095238,0.208333333,0.502645503,0.057539683,0.854497354,0.321428571
125_,0.021164021,0.718253968,0.158730159,0.607142857,0.259259259,0.18452381,0.71957672,0.077380952,0.788359788,0.44047619
125_d,0.19047619,0.58531746,0.293650794,0.523809524,0.402116402,0.174603175,0.706349206,0.14484127,0.746031746,0.361111111
125_dt,0.26984127,0.692460317,0.349206349,0.597222222,0.428571429,0.224206349,0.69047619,0.156746032,0.777777778,0.390873016
125_t,0.145502646,0.799603175,0.248677249,0.662698413,0.386243386,0.194444444,0.822751323,0.136904762,0.915343915,0.432539683
126_,0.261904762,0.781746032,0.304232804,0.634920635,0.251322751,0.359126984,0.396825397,0.222222222,0.677248677,0.382936508
126_d,0.288359788,0.686507937,0.338624339,0.577380952,0.328042328,0.325396825,0.470899471,0.208333333,0.677248677,0.386904762
126_dt,0.357142857,0.738095238,0.433862434,0.611111111,0.388888889,0.331349206,0.560846561,0.202380952,0.764550265,0.398809524
126_t,0.380952381,0.813492063,0.433862434,0.720238095,0.367724868,0.496031746,0.489417989,0.424603175,0.650793651,0.579365079
127_,0.248677249,0.801587302,0.314814815,0.682539683,0.404761905,0.23015873,0.624338624,0.158730159,0.838624339,0.488095238
127_d,0.238095238,0.654761905,0.330687831,0.573412698,0.396825397,0.21031746,0.611111111,0.154761905,0.743386243,0.373015873
127_dt,0.235449735,0.69047619,0.301587302,0.587301587,0.367724868,0.216269841,0.558201058,0.158730159,0.703703704,0.404761905
127_t,0.227513228,0.73015873,0.298941799,0.634920635,0.32010582,0.319444444,0.552910053,0.255952381,0.687830688,0.482142857
128_,0.253968254,0.797619048,0.293650794,0.660714286,0.26984127,0.287698413,0.537037037,0.172619048,0.783068783,0.408730159
128_d,0.306878307,0.694444444,0.322751323,0.573412698,0.267195767,0.279761905,0.452380952,0.152777778,0.693121693,0.343253968
128_dt,0.304232804,0.708333333,0.32010582,0.555555556,0.277777778,0.259920635,0.478835979,0.152777778,0.716931217,0.349206349
128_t,0.312169312,0.535714286,0.351851852,0.458333333,0.346560847,0.214285714,0.510582011,0.160714286,0.661375661,0.287698413
129_,0.182539683,0.817460317,0.248677249,0.658730159,0.238095238,0.313492063,0.579365079,0.14484127,0.841269841,0.39484127
129_d,0.333333333,0.742063492,0.407407407,0.603174603,0.357142857,0.333333333,0.634920635,0.168650794,0.841269841,0.386904762
129_dt,0.182539683,0.702380952,0.283068783,0.55952381,0.293650794,0.291666667,0.526455026,0.134920635,0.740740741,0.367063492
129_t,0.380952381,0.700396825,0.425925926,0.595238095,0.420634921,0.351190476,0.693121693,0.248015873,0.830687831,0.410714286
130_,0.357142857,0.843253968,0.423280423,0.626984127,0.391534392,0.261904762,0.677248677,0.10515873,0.904761905,0.365079365
130_d,0.272486772,0.71031746,0.396825397,0.613095238,0.341269841,0.279761905,0.547619048,0.138888889,0.80952381,0.388888889
130_dt,0.261904762,0.734126984,0.417989418,0.579365079,0.341269841,0.279761905,0.563492063,0.128968254,0.814814815,0.299603175
130_t,0.267195767,0.845238095,0.388888889,0.650793651,0.325396825,0.345238095,0.552910053,0.226190476,0.759259259,0.408730159
131_,0.267195767,0.73015873,0.373015873,0.640873016,0.394179894,0.242063492,0.658730159,0.192460317,0.835978836,0.446428571
131_d,0.256613757,0.662698413,0.322751323,0.577380952,0.37037037,0.240079365,0.605820106,0.160714286,0.777777778,0.371031746
131_dt,0.264550265,0.636904762,0.322751323,0.553571429,0.375661376,0.218253968,0.582010582,0.150793651,0.785714286,0.347222222
131_t,0.238095238,0.740079365,0.296296296,0.662698413,0.272486772,0.265873016,0.510582011,0.192460317,0.71957672,0.384920635
132_,0.158730159,0.704365079,0.232804233,0.640873016,0.354497354,0.285714286,0.645502646,0.23015873,0.701058201,0.486111111
132_d,0.314814815,0.632936508,0.373015873,0.593253968,0.476190476,0.28968254,0.716931217,0.176587302,0.812169312,0.400793651
132_dt,0.253968254,0.599206349,0.317460317,0.561507937,0.462962963,0.242063492,0.761904762,0.166666667,0.772486772,0.448412698
132_t,0.169312169,0.680555556,0.238095238,0.621031746,0.396825397,0.200396825,0.764550265,0.132936508,0.833333333,0.432539683
133_,0.150793651,0.791666667,0.243386243,0.623015873,0.301587302,0.198412698,0.695767196,0.069444444,0.912698413,0.333333333
133_d,0.306878307,0.746031746,0.328042328,0.628968254,0.333333333,0.279761905,0.552910053,0.14484127,0.817460317,0.353174603
133_dt,0.346560847,0.753968254,0.383597884,0.617063492,0.41005291,0.299603175,0.653439153,0.174603175,0.891534392,0.363095238
133_t,0.224867725,0.803571429,0.26984127,0.670634921,0.28042328,0.285714286,0.616402116,0.113095238,0.849206349,0.35515873
134_,0.243386243,0.771825397,0.26984127,0.634920635,0.365079365,0.305555556,0.560846561,0.206349206,0.80952381,0.462301587
134_d,0.288359788,0.656746032,0.30952381,0.543650794,0.330687831,0.287698413,0.542328042,0.146825397,0.748677249,0.361111111
134_dt,0.291005291,0.603174603,0.312169312,0.53968254,0.293650794,0.327380952,0.558201058,0.152777778,0.772486772,0.365079365
134_t,0.203703704,0.714285714,0.224867725,0.615079365,0.26984127,0.311507937,0.526455026,0.19047619,0.764550265,0.43452381
135_,0.314814815,0.722222222,0.346560847,0.613095238,0.35978836,0.238095238,0.637566138,0.182539683,0.791005291,0.44047619
135_d,0.288359788,0.71031746,0.325396825,0.587301587,0.394179894,0.214285714,0.626984127,0.154761905,0.783068783,0.392857143
135_dt,0.30952381,0.722222222,0.354497354,0.579365079,0.428571429,0.234126984,0.648148148,0.170634921,0.804232804,0.408730159
135_t,0.26984127,0.799603175,0.322751323,0.656746032,0.380952381,0.232142857,0.71957672,0.198412698,0.849206349,0.48015873
136_,0.195767196,0.761904762,0.256613757,0.668650794,0.351851852,0.25,0.761904762,0.172619048,0.87037037,0.462301587
136_d,0.214285714,0.686507937,0.272486772,0.603174603,0.404761905,0.236111111,0.714285714,0.154761905,0.793650794,0.448412698
136_dt,0.246031746,0.682539683,0.298941799,0.613095238,0.391534392,0.196428571,0.677248677,0.126984127,0.825396825,0.369047619
136_t,0.232804233,0.722222222,0.288359788,0.642857143,0.388888889,0.244047619,0.759259259,0.202380952,0.82010582,0.456349206
137_,0.35978836,0.779761905,0.399470899,0.646825397,0.349206349,0.259920635,0.611111111,0.132936508,0.896825397,0.367063492
137_d,0.330687831,0.706349206,0.402116402,0.589285714,0.328042328,0.240079365,0.518518519,0.132936508,0.814814815,0.311507937
137_dt,0.30952381,0.718253968,0.35978836,0.589285714,0.328042328,0.236111111,0.521164021,0.130952381,0.806878307,0.31547619
137_t,0.388888889,0.706349206,0.444444444,0.609126984,0.41005291,0.220238095,0.653439153,0.113095238,0.912698413,0.329365079
138_,0.19047619,0.736111111,0.232804233,0.621031746,0.404761905,0.271825397,0.735449735,0.226190476,0.798941799,0.533730159
138_d,0.211640212,0.672619048,0.264550265,0.561507937,0.375661376,0.257936508,0.619047619,0.202380952,0.722222222,0.416666667
138_dt,0.177248677,0.654761905,0.211640212,0.555555556,0.383597884,0.259920635,0.595238095,0.226190476,0.664021164,0.470238095
138_t,0.224867725,0.696428571,0.240740741,0.591269841,0.386243386,0.242063492,0.62962963,0.170634921,0.793650794,0.438492063
139_,0.238095238,0.700396825,0.317460317,0.613095238,0.373015873,0.267857143,0.656084656,0.140873016,0.867724868,0.438492063
139_d,0.238095238,0.660714286,0.330687831,0.589285714,0.394179894,0.281746032,0.658730159,0.176587302,0.80952381,0.408730159
139_dt,0.235449735,0.672619048,0.30952381,0.595238095,0.380952381,0.279761905,0.624338624,0.19047619,0.788359788,0.406746032
139_t,0.232804233,0.66468254,0.298941799,0.587301587,0.365079365,0.277777778,0.637566138,0.18452381,0.791005291,0.388888889
140_,0.206349206,0.849206349,0.222222222,0.71031746,0.132275132,0.271825397,0.380952381,0.126984127,0.69047619,0.333333333
140_d,0.362433862,0.708333333,0.35978836,0.619047619,0.203703704,0.329365079,0.37037037,0.16468254,0.637566138,0.305555556
140_dt,0.415343915,0.763888889,0.37037037,0.662698413,0.246031746,0.329365079,0.420634921,0.192460317,0.671957672,0.343253968
140_t,0.19047619,0.869047619,0.206349206,0.761904762,0.156084656,0.25,0.373015873,0.14484127,0.71957672,0.359126984
141_,0.235449735,0.682539683,0.296296296,0.628968254,0.351851852,0.283730159,0.608465608,0.222222222,0.783068783,0.5
141_d,0.283068783,0.593253968,0.349206349,0.561507937,0.35978836,0.202380952,0.579365079,0.113095238,0.801587302,0.353174603
141_dt,0.222222222,0.632936508,0.272486772,0.563492063,0.357142857,0.248015873,0.682539683,0.178571429,0.783068783,0.424603175
141_t,0.285714286,0.66468254,0.325396825,0.60515873,0.428571429,0.25,0.703703704,0.220238095,0.838624339,0.456349206
142_,0.267195767,0.76984127,0.325396825,0.69047619,0.388888889,0.365079365,0.616402116,0.313492063,0.751322751,0.545634921
142_d,0.264550265,0.650793651,0.335978836,0.591269841,0.447089947,0.28968254,0.605820106,0.208333333,0.73015873,0.436507937
142_dt,0.343915344,0.650793651,0.396825397,0.589285714,0.478835979,0.297619048,0.650793651,0.194444444,0.759259259,0.404761905
142_t,0.126984127,0.744047619,0.206349206,0.672619048,0.283068783,0.26984127,0.574074074,0.152777778,0.73015873,0.48015873
143_,0.240740741,0.884920635,0.246031746,0.722222222,0.208994709,0.35515873,0.425925926,0.242063492,0.748677249,0.501984127
143_d,0.328042328,0.746031746,0.333333333,0.56547619,0.330687831,0.267857143,0.497354497,0.160714286,0.706349206,0.380952381
143_dt,0.314814815,0.716269841,0.335978836,0.555555556,0.322751323,0.248015873,0.473544974,0.148809524,0.714285714,0.339285714
143_t,0.328042328,0.736111111,0.351851852,0.577380952,0.30952381,0.267857143,0.507936508,0.136904762,0.793650794,0.361111111
144_,0.349206349,0.849206349,0.378306878,0.696428571,0.338624339,0.347222222,0.661375661,0.170634921,0.902116402,0.422619048
144_d,0.32010582,0.73015873,0.375661376,0.583333333,0.386243386,0.273809524,0.619047619,0.146825397,0.80952381,0.380952381
144_dt,0.330687831,0.738095238,0.37037037,0.60515873,0.396825397,0.311507937,0.645502646,0.186507937,0.830687831,0.428571429
144_t,0.187830688,0.827380952,0.253968254,0.694444444,0.283068783,0.347222222,0.526455026,0.25,0.716931217,0.474206349
145_,0.174603175,0.757936508,0.261904762,0.648809524,0.433862434,0.295634921,0.714285714,0.265873016,0.791005291,0.527777778
145_d,0.23015873,0.638888889,0.312169312,0.551587302,0.436507937,0.222222222,0.706349206,0.172619048,0.814814815,0.396825397
145_dt,0.214285714,0.654761905,0.306878307,0.575396825,0.452380952,0.23015873,0.695767196,0.160714286,0.793650794,0.390873016
145_t,0.232804233,0.742063492,0.304232804,0.652777778,0.391534392,0.253968254,0.666666667,0.162698413,0.843915344,0.428571429
146_,0.328042328,0.779761905,0.357142857,0.601190476,0.317460317,0.279761905,0.537037037,0.150793651,0.828042328,0.357142857
146_d,0.267195767,0.724206349,0.388888889,0.579365079,0.312169312,0.271825397,0.486772487,0.130952381,0.777777778,0.361111111
146_dt,0.301587302,0.740079365,0.396825397,0.589285714,0.341269841,0.287698413,0.5,0.136904762,0.804232804,0.369047619
146_t,0.322751323,0.859126984,0.373015873,0.682539683,0.306878307,0.359126984,0.526455026,0.21031746,0.835978836,0.444444444
147_,0.264550265,0.781746032,0.346560847,0.626984127,0.335978836,0.222222222,0.600529101,0.119047619,0.865079365,0.390873016
147_d,0.343915344,0.732142857,0.41005291,0.581349206,0.420634921,0.238095238,0.58994709,0.138888889,0.851851852,0.371031746
147_dt,0.317460317,0.714285714,0.404761905,0.587301587,0.407407407,0.253968254,0.584656085,0.148809524,0.828042328,0.384920635
147_t,0.298941799,0.694444444,0.349206349,0.543650794,0.30952381,0.194444444,0.515873016,0.077380952,0.775132275,0.319444444
148_,0.26984127,0.857142857,0.325396825,0.686507937,0.312169312,0.295634921,0.58994709,0.174603175,0.80952381,0.406746032
148_d,0.198412698,0.706349206,0.248677249,0.599206349,0.235449735,0.285714286,0.46031746,0.115079365,0.64021164,0.333333333
148_dt,0.240740741,0.736111111,0.32010582,0.597222222,0.285714286,0.275793651,0.53968254,0.113095238,0.706349206,0.31547619
148_t,0.380952381,0.890873016,0.37037037,0.702380952,0.235449735,0.311507937,0.489417989,0.109126984,0.777777778,0.307539683
149_,0.208994709,0.813492063,0.277777778,0.650793651,0.32010582,0.287698413,0.526455026,0.152777778,0.775132275,0.43452381
149_d,0.248677249,0.69047619,0.328042328,0.58531746,0.335978836,0.261904762,0.537037037,0.111111111,0.722222222,0.367063492
149_dt,0.238095238,0.706349206,0.325396825,0.58531746,0.330687831,0.28968254,0.502645503,0.128968254,0.711640212,0.333333333
149_t,0.296296296,0.841269841,0.330687831,0.700396825,0.251322751,0.345238095,0.431216931,0.174603175,0.777777778,0.375
150_,0.296296296,0.688492063,0.304232804,0.611111111,0.338624339,0.251984127,0.555555556,0.113095238,0.846560847,0.345238095
150_d,0.285714286,0.619047619,0.296296296,0.561507937,0.32010582,0.28968254,0.521164021,0.156746032,0.732804233,0.337301587
150_dt,0.261904762,0.599206349,0.275132275,0.537698413,0.317460317,0.275793651,0.544973545,0.146825397,0.711640212,0.321428571
150_t,0.314814815,0.738095238,0.335978836,0.670634921,0.298941799,0.30952381,0.566137566,0.142857143,0.873015873,0.35515873
151_,0.238095238,0.867063492,0.293650794,0.694444444,0.346560847,0.305555556,0.574074074,0.204365079,0.798941799,0.430555556
151_d,0.314814815,0.718253968,0.383597884,0.626984127,0.380952381,0.273809524,0.574074074,0.14484127,0.791005291,0.341269841
151_dt,0.298941799,0.718253968,0.373015873,0.601190476,0.349206349,0.242063492,0.502645503,0.136904762,0.756613757,0.303571429
151_t,0.211640212,0.817460317,0.298941799,0.674603175,0.283068783,0.271825397,0.484126984,0.123015873,0.777777778,0.361111111
152_,0.298941799,0.71031746,0.380952381,0.607142857,0.378306878,0.257936508,0.626984127,0.19047619,0.798941799,0.452380952
152_d,0.238095238,0.654761905,0.301587302,0.569444444,0.354497354,0.194444444,0.574074074,0.154761905,0.722222222,0.386904762
152_dt,0.264550265,0.650793651,0.317460317,0.573412698,0.35978836,0.194444444,0.568783069,0.16468254,0.695767196,0.388888889
152_t,0.166666667,0.761904762,0.243386243,0.69047619,0.341269841,0.244047619,0.62962963,0.206349206,0.78042328,0.476190476
153_,0.30952381,0.720238095,0.346560847,0.640873016,0.404761905,0.313492063,0.653439153,0.265873016,0.724867725,0.5
153_d,0.304232804,0.648809524,0.357142857,0.575396825,0.37037037,0.224206349,0.571428571,0.126984127,0.732804233,0.351190476
153_dt,0.304232804,0.68452381,0.35978836,0.593253968,0.386243386,0.242063492,0.582010582,0.154761905,0.761904762,0.333333333
153_t,0.26984127,0.694444444,0.346560847,0.619047619,0.420634921,0.232142857,0.58994709,0.166666667,0.764550265,0.375
154_,0.28042328,0.674603175,0.346560847,0.599206349,0.333333333,0.293650794,0.558201058,0.150793651,0.756613757,0.380952381
154_d,0.298941799,0.688492063,0.365079365,0.607142857,0.338624339,0.311507937,0.537037037,0.125,0.748677249,0.33531746
154_dt,0.328042328,0.656746032,0.378306878,0.563492063,0.351851852,0.244047619,0.542328042,0.075396825,0.78042328,0.31547619
154_t,0.28042328,0.716269841,0.333333333,0.634920635,0.301587302,0.31547619,0.515873016,0.180555556,0.71957672,0.410714286
155_,0.417989418,0.81547619,0.417989418,0.66468254,0.240740741,0.287698413,0.473544974,0.148809524,0.724867725,0.265873016
155_d,0.396825397,0.736111111,0.44973545,0.591269841,0.298941799,0.238095238,0.55026455,0.079365079,0.830687831,0.297619048
155_dt,0.391534392,0.734126984,0.417989418,0.597222222,0.275132275,0.240079365,0.502645503,0.099206349,0.804232804,0.293650794
155_t,0.35978836,0.785714286,0.402116402,0.609126984,0.301587302,0.182539683,0.595238095,0.055555556,0.838624339,0.283730159
156_,0.399470899,0.702380952,0.402116402,0.621031746,0.478835979,0.31547619,0.656084656,0.265873016,0.791005291,0.478174603
156_d,0.322751323,0.642857143,0.349206349,0.567460317,0.396825397,0.261904762,0.634920635,0.174603175,0.777777778,0.408730159
156_dt,0.330687831,0.680555556,0.333333333,0.593253968,0.322751323,0.273809524,0.489417989,0.156746032,0.722222222,0.345238095
156_t,0.32010582,0.748015873,0.304232804,0.654761905,0.333333333,0.323412698,0.521164021,0.26984127,0.703703704,0.482142857
157_,0.256613757,0.851190476,0.288359788,0.656746032,0.277777778,0.244047619,0.494708995,0.154761905,0.73015873,0.468253968
157_d,0.365079365,0.706349206,0.333333333,0.55952381,0.399470899,0.246031746,0.576719577,0.18452381,0.71957672,0.388888889
157_dt,0.32010582,0.726190476,0.346560847,0.603174603,0.391534392,0.281746032,0.597883598,0.202380952,0.727513228,0.442460317
157_t,0.298941799,0.863095238,0.296296296,0.724206349,0.293650794,0.396825397,0.523809524,0.31547619,0.677248677,0.581349206
158_,0.291005291,0.686507937,0.396825397,0.589285714,0.357142857,0.246031746,0.605820106,0.140873016,0.822751323,0.43452381
158_d,0.349206349,0.670634921,0.402116402,0.583333333,0.407407407,0.299603175,0.592592593,0.204365079,0.764550265,0.456349206
158_dt,0.346560847,0.678571429,0.402116402,0.579365079,0.365079365,0.28968254,0.534391534,0.186507937,0.756613757,0.41468254
158_t,0.32010582,0.656746032,0.412698413,0.555555556,0.365079365,0.277777778,0.55026455,0.196428571,0.751322751,0.450396825
159_,0.394179894,0.803571429,0.420634921,0.69047619,0.235449735,0.307539683,0.415343915,0.128968254,0.740740741,0.329365079
159_d,0.396825397,0.688492063,0.433862434,0.619047619,0.330687831,0.283730159,0.492063492,0.123015873,0.753968254,0.295634921
159_dt,0.256613757,0.621031746,0.330687831,0.577380952,0.312169312,0.212301587,0.555555556,0.095238095,0.740740741,0.333333333
159_t,0.595238095,0.69047619,0.521164021,0.575396825,0.240740741,0.359126984,0.291005291,0.174603175,0.664021164,0.273809524
160_,0.264550265,0.829365079,0.30952381,0.775793651,0.259259259,0.422619048,0.510582011,0.279761905,0.793650794,0.498015873
160_d,0.312169312,0.702380952,0.380952381,0.617063492,0.378306878,0.234126984,0.568783069,0.123015873,0.806878307,0.337301587
160_dt,0.293650794,0.650793651,0.354497354,0.573412698,0.328042328,0.192460317,0.521164021,0.08531746,0.775132275,0.265873016
160_t,0.306878307,0.680555556,0.354497354,0.581349206,0.325396825,0.275793651,0.505291005,0.18452381,0.732804233,0.367063492
161_,0.148148148,0.698412698,0.216931217,0.611111111,0.30952381,0.240079365,0.62962963,0.14484127,0.783068783,0.402777778
161_d,0.158730159,0.628968254,0.227513228,0.551587302,0.322751323,0.255952381,0.518518519,0.172619048,0.677248677,0.416666667
161_dt,0.264550265,0.682539683,0.328042328,0.599206349,0.412698413,0.291666667,0.616402116,0.198412698,0.772486772,0.470238095
161_t,0.338624339,0.66468254,0.423280423,0.597222222,0.462962963,0.325396825,0.69047619,0.265873016,0.796296296,0.515873016
162_,0.211640212,0.819444444,0.267195767,0.753968254,0.267195767,0.426587302,0.478835979,0.33531746,0.658730159,0.555555556
162_d,0.391534392,0.632936508,0.415343915,0.569444444,0.378306878,0.28968254,0.494708995,0.16468254,0.71957672,0.323412698
162_dt,0.298941799,0.654761905,0.330687831,0.613095238,0.317460317,0.30952381,0.423280423,0.192460317,0.669312169,0.353174603
162_t,0.396825397,0.617063492,0.431216931,0.579365079,0.444444444,0.361111111,0.600529101,0.283730159,0.724867725,0.452380952
163_,0.32010582,0.799603175,0.394179894,0.662698413,0.349206349,0.246031746,0.544973545,0.132936508,0.772486772,0.390873016
163_d,0.433862434,0.718253968,0.46031746,0.571428571,0.378306878,0.240079365,0.489417989,0.142857143,0.753968254,0.337301587
163_dt,0.35978836,0.757936508,0.41005291,0.636904762,0.354497354,0.291666667,0.484126984,0.174603175,0.711640212,0.357142857
163_t,0.386243386,0.763888889,0.447089947,0.646825397,0.394179894,0.371031746,0.560846561,0.277777778,0.751322751,0.484126984
164_,0.277777778,0.851190476,0.341269841,0.73015873,0.314814815,0.341269841,0.497354497,0.265873016,0.711640212,0.503968254
164_d,0.335978836,0.694444444,0.380952381,0.603174603,0.357142857,0.265873016,0.489417989,0.168650794,0.703703704,0.365079365
164_dt,0.354497354,0.658730159,0.394179894,0.58531746,0.330687831,0.257936508,0.5,0.126984127,0.698412698,0.353174603
164_t,0.415343915,0.626984127,0.447089947,0.547619048,0.391534392,0.275793651,0.521164021,0.176587302,0.727513228,0.363095238
165_,0.383597884,0.825396825,0.420634921,0.696428571,0.322751323,0.329365079,0.552910053,0.200396825,0.822751323,0.416666667
165_d,0.433862434,0.71031746,0.481481481,0.597222222,0.365079365,0.305555556,0.497354497,0.125,0.751322751,0.33531746
165_dt,0.330687831,0.706349206,0.404761905,0.615079365,0.304232804,0.293650794,0.425925926,0.123015873,0.666666667,0.31547619
165_t,0.394179894,0.751984127,0.436507937,0.64484127,0.357142857,0.41468254,0.44973545,0.311507937,0.632275132,0.458333333
166_,0.314814815,0.791666667,0.420634921,0.662698413,0.462962963,0.325396825,0.708994709,0.255952381,0.846560847,0.523809524
166_d,0.30952381,0.68452381,0.407407407,0.583333333,0.399470899,0.251984127,0.611111111,0.172619048,0.772486772,0.444444444
166_dt,0.362433862,0.706349206,0.441798942,0.591269841,0.447089947,0.279761905,0.669312169,0.176587302,0.830687831,0.378968254
166_t,0.253968254,0.716269841,0.394179894,0.621031746,0.428571429,0.251984127,0.693121693,0.154761905,0.849206349,0.392857143
167_,0.222222222,0.765873016,0.30952381,0.658730159,0.275132275,0.257936508,0.587301587,0.123015873,0.801587302,0.361111111
167_d,0.357142857,0.706349206,0.431216931,0.609126984,0.346560847,0.283730159,0.529100529,0.138888889,0.767195767,0.33531746
167_dt,0.275132275,0.678571429,0.341269841,0.563492063,0.351851852,0.259920635,0.542328042,0.123015873,0.767195767,0.33531746
167_t,0.37037037,0.753968254,0.41005291,0.674603175,0.378306878,0.386904762,0.584656085,0.28968254,0.788359788,0.468253968
168_,0.375661376,0.849206349,0.417989418,0.68452381,0.261904762,0.331349206,0.470899471,0.146825397,0.727513228,0.347222222
168_d,0.473544974,0.775793651,0.44973545,0.611111111,0.328042328,0.293650794,0.510582011,0.158730159,0.714285714,0.283730159
168_dt,0.415343915,0.771825397,0.431216931,0.603174603,0.293650794,0.31547619,0.436507937,0.128968254,0.669312169,0.234126984
168_t,0.455026455,0.821428571,0.383597884,0.621031746,0.206349206,0.337301587,0.343915344,0.117063492,0.621693122,0.255952381
169_,0.261904762,0.857142857,0.306878307,0.71031746,0.375661376,0.236111111,0.650793651,0.113095238,0.883597884,0.444444444
169_d,0.433862434,0.751984127,0.431216931,0.626984127,0.354497354,0.265873016,0.515873016,0.111111111,0.76984127,0.341269841
169_dt,0.386243386,0.726190476,0.407407407,0.611111111,0.388888889,0.234126984,0.560846561,0.117063492,0.788359788,0.329365079
169_t,0.248677249,0.714285714,0.267195767,0.609126984,0.261904762,0.244047619,0.486772487,0.103174603,0.698412698,0.369047619
170_,0.222222222,0.884920635,0.253968254,0.742063492,0.328042328,0.400793651,0.555555556,0.297619048,0.67989418,0.55952381
170_d,0.333333333,0.69047619,0.357142857,0.581349206,0.365079365,0.25,0.563492063,0.146825397,0.714285714,0.351190476
170_dt,0.317460317,0.718253968,0.365079365,0.601190476,0.354497354,0.281746032,0.568783069,0.166666667,0.73015873,0.361111111
170_t,0.227513228,0.83531746,0.26984127,0.722222222,0.288359788,0.357142857,0.563492063,0.279761905,0.645502646,0.529761905
171_,0.238095238,0.878968254,0.298941799,0.742063492,0.158730159,0.351190476,0.373015873,0.23015873,0.64021164,0.402777778
171_d,0.455026455,0.724206349,0.478835979,0.597222222,0.312169312,0.329365079,0.452380952,0.140873016,0.698412698,0.251984127
171_dt,0.433862434,0.755952381,0.452380952,0.621031746,0.314814815,0.313492063,0.447089947,0.162698413,0.693121693,0.303571429
171_t,0.373015873,0.892857143,0.404761905,0.75,0.30952381,0.420634921,0.521164021,0.275793651,0.767195767,0.46031746
172_,0.243386243,0.755952381,0.293650794,0.599206349,0.35978836,0.293650794,0.677248677,0.267857143,0.743386243,0.484126984
172_d,0.301587302,0.712301587,0.375661376,0.557539683,0.441798942,0.251984127,0.71957672,0.228174603,0.78042328,0.438492063
172_dt,0.293650794,0.66468254,0.37037037,0.529761905,0.412698413,0.214285714,0.666666667,0.182539683,0.753968254,0.432539683
172_t,0.232804233,0.734126984,0.291005291,0.569444444,0.354497354,0.204365079,0.753968254,0.196428571,0.801587302,0.44047619
173_,0.243386243,0.666666667,0.30952381,0.571428571,0.351851852,0.283730159,0.571428571,0.206349206,0.69047619,0.426587302
173_d,0.272486772,0.698412698,0.388888889,0.603174603,0.420634921,0.285714286,0.64021164,0.168650794,0.851851852,0.420634921
173_dt,0.246031746,0.678571429,0.354497354,0.593253968,0.444444444,0.251984127,0.650793651,0.170634921,0.838624339,0.432539683
173_t,0.243386243,0.660714286,0.322751323,0.587301587,0.391534392,0.319444444,0.566137566,0.25,0.708994709,0.430555556
174_,0.333333333,0.732142857,0.291005291,0.60515873,0.275132275,0.28968254,0.507936508,0.246031746,0.650793651,0.438492063
174_d,0.383597884,0.676587302,0.402116402,0.567460317,0.375661376,0.240079365,0.592592593,0.154761905,0.76984127,0.321428571
174_dt,0.367724868,0.658730159,0.383597884,0.545634921,0.338624339,0.214285714,0.534391534,0.146825397,0.73015873,0.297619048
174_t,0.325396825,0.787698413,0.314814815,0.672619048,0.322751323,0.353174603,0.505291005,0.299603175,0.677248677,0.458333333
175_,0.37037037,0.78968254,0.335978836,0.668650794,0.312169312,0.343253968,0.518518519,0.26984127,0.759259259,0.468253968
175_d,0.396825397,0.68452381,0.37037037,0.551587302,0.375661376,0.259920635,0.568783069,0.180555556,0.738095238,0.373015873
175_dt,0.362433862,0.66468254,0.375661376,0.529761905,0.343915344,0.240079365,0.518518519,0.146825397,0.71957672,0.327380952
175_t,0.317460317,0.736111111,0.338624339,0.628968254,0.293650794,0.406746032,0.457671958,0.341269841,0.634920635,0.498015873
176_,0.317460317,0.64484127,0.301587302,0.553571429,0.285714286,0.28968254,0.468253968,0.212301587,0.608465608,0.351190476
176_d,0.235449735,0.662698413,0.246031746,0.531746032,0.322751323,0.224206349,0.592592593,0.148809524,0.693121693,0.375
176_dt,0.37037037,0.708333333,0.367724868,0.589285714,0.341269841,0.28968254,0.64021164,0.168650794,0.785714286,0.400793651
176_t,0.335978836,0.668650794,0.306878307,0.567460317,0.291005291,0.283730159,0.521164021,0.204365079,0.650793651,0.408730159
177_,0.158730159,0.726190476,0.235449735,0.672619048,0.32010582,0.246031746,0.648148148,0.214285714,0.743386243,0.507936508
177_d,0.298941799,0.656746032,0.407407407,0.593253968,0.484126984,0.228174603,0.793650794,0.218253968,0.830687831,0.482142857
177_dt,0.272486772,0.666666667,0.386243386,0.597222222,0.521164021,0.236111111,0.788359788,0.234126984,0.846560847,0.5
177_t,0.335978836,0.646825397,0.383597884,0.591269841,0.465608466,0.301587302,0.682539683,0.285714286,0.746031746,0.498015873
178_,0.298941799,0.716269841,0.346560847,0.628968254,0.333333333,0.281746032,0.637566138,0.204365079,0.767195767,0.488095238
178_d,0.298941799,0.662698413,0.373015873,0.58531746,0.367724868,0.267857143,0.624338624,0.176587302,0.759259259,0.424603175
178_dt,0.264550265,0.674603175,0.35978836,0.581349206,0.333333333,0.259920635,0.566137566,0.162698413,0.727513228,0.357142857
178_t,0.288359788,0.734126984,0.365079365,0.662698413,0.335978836,0.325396825,0.58994709,0.232142857,0.791005291,0.371031746
179_,0.32010582,0.892857143,0.306878307,0.738095238,0.092592593,0.367063492,0.296296296,0.200396825,0.634920635,0.297619048
179_d,0.362433862,0.69047619,0.402116402,0.547619048,0.293650794,0.26984127,0.484126984,0.158730159,0.701058201,0.31547619
179_dt,0.304232804,0.744047619,0.341269841,0.597222222,0.285714286,0.28968254,0.439153439,0.200396825,0.648148148,0.343253968
179_t,0.457671958,0.791666667,0.378306878,0.640873016,0.198412698,0.367063492,0.386243386,0.251984127,0.603174603,0.353174603
180_,0.161375661,0.81547619,0.216931217,0.638888889,0.211640212,0.349206349,0.465608466,0.228174603,0.642857143,0.41468254
180_d,0.349206349,0.728174603,0.383597884,0.553571429,0.341269841,0.273809524,0.560846561,0.138888889,0.743386243,0.339285714
180_dt,0.232804233,0.720238095,0.322751323,0.573412698,0.306878307,0.263888889,0.542328042,0.130952381,0.682539683,0.373015873
180_t,0.365079365,0.757936508,0.399470899,0.617063492,0.373015873,0.378968254,0.574074074,0.267857143,0.687830688,0.450396825
181_,0.193121693,0.738095238,0.259259259,0.638888889,0.30952381,0.319444444,0.544973545,0.232142857,0.724867725,0.476190476
181_d,0.296296296,0.69047619,0.277777778,0.615079365,0.28042328,0.297619048,0.558201058,0.138888889,0.785714286,0.347222222
181_dt,0.333333333,0.706349206,0.296296296,0.619047619,0.30952381,0.299603175,0.582010582,0.138888889,0.82010582,0.369047619
181_t,0.322751323,0.726190476,0.391534392,0.613095238,0.439153439,0.345238095,0.738095238,0.236111111,0.862433862,0.466269841
182_,0.193121693,0.763888889,0.28042328,0.621031746,0.328042328,0.277777778,0.571428571,0.192460317,0.727513228,0.402777778
182_d,0.277777778,0.68452381,0.357142857,0.549603175,0.362433862,0.244047619,0.582010582,0.146825397,0.722222222,0.331349206
182_dt,0.296296296,0.704365079,0.386243386,0.569444444,0.423280423,0.238095238,0.624338624,0.154761905,0.751322751,0.341269841
182_t,0.232804233,0.738095238,0.314814815,0.589285714,0.322751323,0.331349206,0.531746032,0.255952381,0.661375661,0.458333333
183_,0.277777778,0.783730159,0.312169312,0.660714286,0.283068783,0.367063492,0.489417989,0.251984127,0.69047619,0.41468254
183_d,0.341269841,0.744047619,0.415343915,0.623015873,0.346560847,0.293650794,0.515873016,0.126984127,0.791005291,0.257936508
183_dt,0.375661376,0.732142857,0.444444444,0.587301587,0.330687831,0.265873016,0.526455026,0.107142857,0.796296296,0.257936508
183_t,0.322751323,0.700396825,0.365079365,0.593253968,0.306878307,0.325396825,0.462962963,0.200396825,0.658730159,0.337301587
184_,0.256613757,0.795634921,0.264550265,0.670634921,0.333333333,0.345238095,0.505291005,0.271825397,0.67989418,0.458333333
184_d,0.261904762,0.73015873,0.32010582,0.626984127,0.380952381,0.285714286,0.592592593,0.202380952,0.743386243,0.39484127
184_dt,0.288359788,0.757936508,0.346560847,0.626984127,0.396825397,0.261904762,0.571428571,0.172619048,0.767195767,0.367063492
184_t,0.351851852,0.813492063,0.35978836,0.680555556,0.425925926,0.30952381,0.624338624,0.23015873,0.798941799,0.472222222
185_,0.214285714,0.66468254,0.261904762,0.591269841,0.402116402,0.265873016,0.624338624,0.236111111,0.711640212,0.494047619
185_d,0.317460317,0.64484127,0.317460317,0.547619048,0.394179894,0.192460317,0.576719577,0.117063492,0.791005291,0.367063492
185_dt,0.30952381,0.625,0.346560847,0.543650794,0.402116402,0.224206349,0.619047619,0.128968254,0.812169312,0.351190476
185_t,0.35978836,0.670634921,0.394179894,0.613095238,0.452380952,0.351190476,0.669312169,0.301587302,0.806878307,0.513888889
186_,0.222222222,0.799603175,0.243386243,0.658730159,0.214285714,0.273809524,0.415343915,0.172619048,0.666666667,0.418650794
186_d,0.317460317,0.720238095,0.362433862,0.601190476,0.317460317,0.255952381,0.552910053,0.146825397,0.716931217,0.375
186_dt,0.330687831,0.753968254,0.388888889,0.621031746,0.338624339,0.285714286,0.529100529,0.162698413,0.746031746,0.382936508
186_t,0.388888889,0.744047619,0.428571429,0.626984127,0.41005291,0.323412698,0.560846561,0.255952381,0.735449735,0.454365079
187_,0.193121693,0.795634921,0.240740741,0.722222222,0.291005291,0.353174603,0.571428571,0.246031746,0.759259259,0.515873016
187_d,0.256613757,0.682539683,0.32010582,0.60515873,0.383597884,0.311507937,0.656084656,0.214285714,0.783068783,0.436507937
187_dt,0.17989418,0.632936508,0.227513228,0.555555556,0.362433862,0.244047619,0.624338624,0.18452381,0.71957672,0.386904762
187_t,0.187830688,0.761904762,0.246031746,0.656746032,0.26984127,0.396825397,0.603174603,0.265873016,0.724867725,0.531746032
188_,0.246031746,0.720238095,0.291005291,0.630952381,0.261904762,0.353174603,0.452380952,0.180555556,0.695767196,0.339285714
188_d,0.349206349,0.668650794,0.383597884,0.589285714,0.357142857,0.301587302,0.523809524,0.168650794,0.722222222,0.357142857
188_dt,0.351851852,0.662698413,0.394179894,0.583333333,0.330687831,0.319444444,0.505291005,0.172619048,0.706349206,0.35515873
188_t,0.277777778,0.78968254,0.30952381,0.712301587,0.304232804,0.382936508,0.505291005,0.251984127,0.748677249,0.442460317
189_,0.330687831,0.827380952,0.275132275,0.668650794,0.317460317,0.301587302,0.521164021,0.198412698,0.761904762,0.410714286
189_d,0.32010582,0.751984127,0.365079365,0.634920635,0.373015873,0.246031746,0.571428571,0.132936508,0.775132275,0.357142857
189_dt,0.335978836,0.755952381,0.346560847,0.634920635,0.343915344,0.25,0.55026455,0.119047619,0.735449735,0.341269841
189_t,0.354497354,0.779761905,0.333333333,0.642857143,0.314814815,0.347222222,0.494708995,0.244047619,0.671957672,0.438492063
190_,0.26984127,0.859126984,0.30952381,0.765873016,0.248677249,0.404761905,0.468253968,0.311507937,0.732804233,0.507936508
190_d,0.341269841,0.714285714,0.391534392,0.630952381,0.357142857,0.303571429,0.55026455,0.180555556,0.785714286,0.392857143
190_dt,0.333333333,0.662698413,0.357142857,0.569444444,0.335978836,0.273809524,0.53968254,0.134920635,0.759259259,0.321428571
190_t,0.267195767,0.722222222,0.301587302,0.626984127,0.264550265,0.271825397,0.492063492,0.140873016,0.759259259,0.380952381
191_,0.264550265,0.744047619,0.341269841,0.660714286,0.357142857,0.347222222,0.669312169,0.283730159,0.796296296,0.507936508
191_d,0.338624339,0.650793651,0.433862434,0.589285714,0.436507937,0.28968254,0.711640212,0.240079365,0.753968254,0.492063492
191_dt,0.322751323,0.642857143,0.404761905,0.563492063,0.362433862,0.257936508,0.624338624,0.148809524,0.722222222,0.396825397
191_t,0.291005291,0.708333333,0.35978836,0.626984127,0.328042328,0.271825397,0.669312169,0.202380952,0.804232804,0.466269841
192_,0.346560847,0.819444444,0.330687831,0.688492063,0.335978836,0.333333333,0.584656085,0.19047619,0.804232804,0.456349206
192_d,0.402116402,0.698412698,0.391534392,0.589285714,0.37037037,0.242063492,0.568783069,0.113095238,0.756613757,0.305555556
192_dt,0.354497354,0.738095238,0.343915344,0.60515873,0.333333333,0.301587302,0.537037037,0.130952381,0.722222222,0.345238095
192_t,0.267195767,0.825396825,0.26984127,0.680555556,0.285714286,0.333333333,0.568783069,0.196428571,0.775132275,0.486111111
193_,0.391534392,0.821428571,0.365079365,0.69047619,0.298941799,0.331349206,0.507936508,0.208333333,0.814814815,0.390873016
193_d,0.431216931,0.781746032,0.396825397,0.656746032,0.317460317,0.291666667,0.497354497,0.174603175,0.793650794,0.339285714
193_dt,0.46031746,0.797619048,0.420634921,0.666666667,0.267195767,0.303571429,0.431216931,0.132936508,0.740740741,0.244047619
193_t,0.349206349,0.906746032,0.317460317,0.744047619,0.17989418,0.329365079,0.417989418,0.188492063,0.756613757,0.39484127
194_,0.248677249,0.853174603,0.317460317,0.746031746,0.378306878,0.41468254,0.653439153,0.319444444,0.78042328,0.591269841
194_d,0.214285714,0.680555556,0.291005291,0.593253968,0.380952381,0.293650794,0.62962963,0.212301587,0.724867725,0.474206349
194_dt,0.272486772,0.662698413,0.341269841,0.569444444,0.436507937,0.255952381,0.645502646,0.18452381,0.76984127,0.442460317
194_t,0.182539683,0.744047619,0.246031746,0.650793651,0.314814815,0.28968254,0.600529101,0.182539683,0.740740741,0.48015873
195_,0.164021164,0.78968254,0.201058201,0.688492063,0.166666667,0.341269841,0.431216931,0.208333333,0.650793651,0.46031746
195_d,0.378306878,0.654761905,0.415343915,0.591269841,0.330687831,0.30952381,0.465608466,0.172619048,0.69047619,0.337301587
195_dt,0.246031746,0.628968254,0.30952381,0.569444444,0.386243386,0.257936508,0.582010582,0.172619048,0.722222222,0.353174603
195_t,0.232804233,0.779761905,0.298941799,0.702380952,0.388888889,0.337301587,0.67989418,0.25,0.804232804,0.591269841
